Title,Price,Discount,Link
"FAYWA SMART MAX, 2.8 INCH DISPLAY, DUAL SIM, PTA APPROVED, 1 YEAR WARRANTY","3,650",19% Off,https://www.daraz.pk/products/faywa-28-pta-1-i490675441.html
"Faywa Diamond Mobile, keypad Mobile, 2 Sim, PTA Approved, 1 Year Warranty, Smart Mobile, Bluetooth , Type C Charger, Featured Phone, Card Support, Latest Mobile,","3,999",20% Off,https://www.daraz.pk/products/2-pta-1-c-i489854482.html
nokia 150 (2023) dual sim PTA approved non warranty,"4,999",No discount found,https://www.daraz.pk/products/150-2023-pta-i489937572.html
"Itel  NEO X30+ || 4G || 2.8"" Big Clear Screen. || 2,500mAh Big Battery. || 4G Connectivity. Mobile Hotspot.","6,999",No discount found,https://www.daraz.pk/products/x30-4g-2500mah-4g-i535156958.html
itel Flip 1  1500 mAh Battery,"7,499",No discount found,https://www.daraz.pk/products/1-1500-mah-i464549528.html
itel Flip 1  1500 mAh Battery,"7,499",No discount found,https://www.daraz.pk/products/1-1500-mah-i464549528.html
"New Model Calme 4G Hot Touch And Type 1GB RAM 8GB ROM - 2.4"" Touch Screen - 3200 mAh Battery - WhatsApp Video Calling - Type C Charging -YouTube - Facebook -  Type 4G LTE Wi-Fi Bluetooth Hotspot Box Pack 1 Year Warranty","7,500",No discount found,https://www.daraz.pk/products/4g-1gb-8gb-24-3200-mah-c-4g-lte-wifi-1-i504964795.html
"Itel Flip 1 2.4"" Display With Camera 1200 mAh Battery Wireless FM Dual Sim","7,949",5% Off,https://www.daraz.pk/products/1-24-mah-fm-i471788198.html
"Itel Flip 1 2.4"" Display With Camera 1200 mAh Battery Wireless FM Dual Sim","7,949",5% Off,https://www.daraz.pk/products/1-24-mah-fm-i471788198.html
Vgotel New 7 3G || 1GB Ram 16GB Rom || 2000mAh Battery,"9,479",No discount found,https://www.daraz.pk/products/7-3g-wach-1gb-16gb-wach-2000mah-i467001468.html
Vivo Y66 with Box free Charger Cable - Dual Sim Approved - 4gb Ram - 64Gb Rom(Usable 3gb - 32gb),"9,780",No discount found,https://www.daraz.pk/products/vivo-y66-with-box-free-charger-dual-sim-approved-4gb-ram-64gb-romusable-3gb-32gb-i536706402.html
Imported Oppo A57 with Box Charger Handsfree - Dual Sim Approved - 3GB RAM Mobile - Snapdragon Processor Mobile - Oppo Mobile - Oppo Phone,"10,446",48% Off,https://www.daraz.pk/products/imported-oppo-a57-with-box-charger-dual-sim-approved-3gb-ram-mobile-snapdragon-processor-mobile-oppo-mobile-oppo-phone-i437875086.html
"[Official Approved] Oppo A57 - 5.2"" HD Display - 3GB RAM - 32GB ROM - Dual Sim - PTA Approved (Phone and Box Only, No Accessories- Mix Color)","10,499",30% Off,https://www.daraz.pk/products/a57-52-hd-3gb-32gb-pta-i273874897.html
"Oppo A57 - 5.2"" HD Display - 3GB RAM - 32GB ROM - Dual Sim - PTA Approved - Phone Only (Charger, Box and Accessories Not Included)","10,500",45% Off,https://www.daraz.pk/products/3gb-a57-32gb-hd-pta-i457902871.html
"Oppo A57 - 5.2"" HD Display - 4GB RAM - 64GB ROM - Dual Sim - Official PTA Approved - Phone Only (Charger, Box and Accessories Not Included)","10,669",47% Off,https://www.daraz.pk/products/4gb-a57-64gb-hd-pta-i266428237.html
Imported Vivo Y66 with Box Charger Handsfree - Premium Quality - Dual Sim Approved - 3gb Ram Mobile - Vivo Mobile - Vivo Phone - 3gb Mobile Phone,"11,490",43% Off,https://www.daraz.pk/products/imported-vivo-y66-with-box-charger-handsfree-dual-sim-approved-3gb-ram-mobile-vivo-mobile-vivo-phone-3gb-mobile-phone-i434604001.html
Y85 - 6.3 Inches Full HD+ Display - 4GB RAM 64GB ROM - Dual SIM - PTA Approved - 13 + 2 + 16 MP Camera (Box Only - Multi Color),"12,499",50% Off,https://www.daraz.pk/products/y85-63-hd-4gb-64gb-pta-13-2-16-mp-i438047551.html
"Vivo Y85a - 6.26"" Full HD Display - Dual Sim - 4GB RAM - 64GB ROM - Snapdragon Processor - Fingerprint Sensor - Android Oreo - Official PTA Approved - Phone And Box Only (No Charger, No Accessories Included)","12,609",50% Off,https://www.daraz.pk/products/y85a-hd-4gb-64gb-pta-i247257465.html
Vivo Y83| 64 GB Storage | 4 GB RAM | 6.2 Inches Display | Octa Core processor | 13 Mega Pixel Main Camera Rear and 8 Mega Pixel Selfie Camera | 3260 mAh Battery | Android 8| Dual Nano Sim Slot Phone| Like New Phones,"13,299",30% Off,https://www.daraz.pk/products/vivo-y83-64-gb-storage-4-gb-ram-62-inches-display-octa-core-processor-13-mega-pixel-main-camera-rear-and-8-mega-pixel-selfie-camera-3260-mah-battery-android-8-dual-nano-sim-slot-phone-like-new-phones-i493805357.html
VNUS SKY 1 = 2GB RAM = 32GB ROM = 4500mAh BATTERY,"13,999",No discount found,https://www.daraz.pk/products/vnus-1-2gb-32gb-4500mah-i500115640.html
VNUS SKY 1 = 2GB RAM = 32GB ROM = 4500mAh BATTERY,"13,999",No discount found,https://www.daraz.pk/products/vnus-1-2gb-32gb-4500mah-i500115640.html
Vnus Sky 1 || 2GB Ram 32GB Rom || 4500mAh Battery,"13,999",No discount found,https://www.daraz.pk/products/vnus-sky-1-2gb-32gb-4500mah-i417413023.html
"(Official PTA Approve) VivoY81 - 6.22"" HD Display - Dual Sim - 6GB RAM - 128GB ROM - Android Oreo - PTA Approved - Phone And Box Only (No Charger, No Accessories Included)","14,549",42% Off,https://www.daraz.pk/products/official-pta-approve-vivoy81-622-hd-display-dual-sim-6gb-ram-128gb-rom-android-oreo-pta-approved-phone-and-box-only-no-charger-no-accessories-included-i436693426.html
VGOTEL New 10 4G || 2GB Ram 32GB Rom || 4000mAh Battery,"14,949",No discount found,https://www.daraz.pk/products/10-2gb-32gb-4000mah-i478839935.html
VGOTEL New 10 4G || 2GB Ram 32GB Rom || 4000mAh Battery,"14,949",No discount found,https://www.daraz.pk/products/10-2gb-32gb-4000mah-i478839935.html
"Vgotel New 10 - 6.5"" Inch Display - 2GB RAM - 32GB ROM","14,999",No discount found,https://www.daraz.pk/products/vgotel-new-10-65-inch-display-2gb-ram-32gb-rom-i479459256.html
Imported ViVo y97 with Box Charger Handsfree - 4GB Ram Mobile - 128GB Rom - Vivo Mobile - Vivo Phone,"15,990",36% Off,https://www.daraz.pk/products/imported-vivo-y97-with-box-charger-handsfree-4gb-ram-mobile-128gb-rom-i458721130.html
VNUS SE 22 = 3GB RAM = 64GB ROM = 4500mAh BATTERY,"15,999",No discount found,https://www.daraz.pk/products/vnus-se-22-3gb-64gb-4500mah-i500143227.html
VNUS SE 22 = 3GB RAM = 64GB ROM = 4500mAh BATTERY,"15,999",No discount found,https://www.daraz.pk/products/vnus-se-22-3gb-64gb-4500mah-i500143227.html
ALLCALL Shine 12T -  IPS LCD - 6.52 Inches Display - 4GB RAM 64GB ROM - 5MP Front Camera - 13MP Rear Camera - Octa-Core Processor - Dual SIM - 4500mAh Battery,"16,999",11% Off,https://www.daraz.pk/products/12t-ips-lcd-652-4gb-64gb-5mp-13mp-4500mah-i537305164.html
"itel A50 | 6.6″ HD Display with Dynamic Bar | 5,000mAh Battery with Type-C Charging | Powerful Octa core Processor | 8MP Ultra Clear Camera | PTA Approved & 12 Month's Official Warranty","17,999",10% Off,https://www.daraz.pk/products/itel-a50-66-hd-display-with-dynamic-bar-5000mah-battery-with-type-c-charging-powerful-octa-core-processor-8mp-ultra-clear-camera-pta-approved-12-months-official-warranty-i535191686.html
Nokia 2660 Flip || 2.8 Inch Display || 1450mAh Battery,"18,000",No discount found,https://www.daraz.pk/products/10-000-i532964252.html
TECNO POP 7 2GB RAM-64GB ROM PTA APPROVED OFFICIAL BRAND WARRANTY,"18,550",7% Off,https://www.daraz.pk/products/tecno-pop-7-2gb-ram-64gb-rom-pta-approved-official-brand-warranty-i481685554.html
Vivo Y17 with Box Charger Jelly Cover - 8GB RAM - 256GB Storage(Usable 4 128 ) - 5000 mah battery - Dual sim Approved - Vivo Mobile - Vivo Phone,"18,591",38% Off,https://www.daraz.pk/products/vivo-y17-with-box-charger-jelly-cover-8gb-ram-256gb-storageusable-4-128-5000-mah-battery-dual-sim-approved-vivo-mobile-vivo-phone-i537237158.html
"Infinix Smart 7 HD 2GB Ram 64GB Rom , 5000mAh Battery with 6.6"" Display , Life time PTA Approved with one year brand warranty","18,899",14% Off,https://www.daraz.pk/products/infinix-smart-7-hd-2gb-ram-64gb-rom-5000mah-battery-with-66-display-life-time-pta-approved-with-one-year-brand-warranty-i422860379.html
Vivo Y17 - 6.35 Inches IPS LCD Display - 8GB RAM - 256GB Storage - Official PTA Approved - Fingerprint Sensor - Helio P35 Processor - (Phone and Box. No Charger and No Accessories Included - Mix Color),"18,914",24% Off,https://www.daraz.pk/products/vivo-y17-635-inches-ips-lcd-display-8gb-ram-256gb-storage-official-pta-approved-fingerprint-sensor-helio-p35-processor-phone-and-box-no-charger-and-no-accessories-included-mix-color-i491864707.html
"Samsung Galaxy A04 3+32GB || Non Warranty  5000 mAh Battery 6.5"" large Display PTA Approved (Official)","18,949",39% Off,https://www.daraz.pk/products/samsung-galaxy-a04-332gb-non-warranty-5000-mah-battery-65-large-display-pta-approved-official-i398937539.html
ZTE  Blade A54 || 4GB+4GB Ram 5000mAh Battery || 6.6 Inch Ips Display,"18,949",No discount found,https://www.daraz.pk/products/zte-a54-4gb-1-000mah-5000-ips-i460693766.html
Infinix Smart 7 - 64GB ROM - 2GB RAM - PTA APPROVED OFFICIAL WARRANTY,"18,999",No discount found,https://www.daraz.pk/products/infinix-smart-7-64gb-rom-2gb-ram-pta-approved-official-warranty-i429120429.html
Vgotel New 16 - 4GB RAM 64GB ROM - Dual SIM - 5000mAh Battery,"19,299",4% Off,https://www.daraz.pk/products/16-4gb-64gb-5000mah-i451946236.html
Redmi A3x || 3GB Ram 64GB Rom || 5000mAh Battery,"19,449",12% Off,https://www.daraz.pk/products/a3x-3gb-64gb-5000mah-i496584411.html
Redmi A3X (3GB-64GB) With 1 Year Official Warranty | 6.71 Inches Display | 8MP Camera | Fingerprint Sensor | 5000mAh Battery | PTA Approved,"19,449",7% Off,https://www.daraz.pk/products/redmi-a3x-3gb-64gb-with-1-year-official-warranty-671-inches-display-8mp-camera-fingerprint-sensor-5000mah-battery-pta-approved-i535738151.html
Redmi A3x || 3GB Ram 64GB Rom || 5000mAh Battery,"19,449",12% Off,https://www.daraz.pk/products/a3x-3gb-64gb-5000mah-i496584411.html
Imported Oppo F11 with Box Charger Handsfree - 6gb Ram Mobile - 128GB Rom - Helio P70 - CPH1913 CPH1911 Dual Sim Approved,"19,644",35% Off,https://www.daraz.pk/products/imported-oppo-f11-with-box-charger-handsfree-6gb-ram-mobile-128gb-rom-helio-p70-dual-sim-approved-i482861279.html
Huawei P10 Lite - 4gb / 64gb - Dual SIM,"19,681",13% Off,https://www.daraz.pk/products/huawei-p10-lite-4gb-64gb-dual-sim-i408422623.html
Redmi A3x || 3GB Ram 64GB Rom || 6.71 Inches DIsplay 90Hz || 5000 mAh - Battery charging 10W,"19,699",6% Off,https://www.daraz.pk/products/a3x-3gb-64gb-671-90hz-5000-mah-10-i518541491.html
Infinix Smart 7 HD || 2GB+2GB Ram 64GB Rom ||  5000mAh Battery,"19,949",No discount found,https://www.daraz.pk/products/7-hd-2gb-2gb-64gb-5000mah-i426136214.html
"Vgotel New 22 - 6.5"" Inch Display - 4GB + 3GB RAM - 128GB ROM","19,950",No discount found,https://www.daraz.pk/products/vgotel-new-22-65-inch-display-4gb-3gb-ram-128gb-rom-i533066359.html
Vgotel New 22 || 4GB+3GB Ram 128GB Rom || 5000mAh Battery,"19,979",No discount found,https://www.daraz.pk/products/22-wach-4gb-3gb-128gb-5000mah-i467000439.html
"Itel A60s - 6.6"" Inch Display - 4GB+4GB RAM - 128GB ROM","19,990",No discount found,https://www.daraz.pk/products/itel-a60s-66-inch-display-4gb4gb-ram-128gb-rom-i449668742.html
Tecno Pop 7 || 2GB Ram 64GB Rom || 5000mAh Battery,"19,999",No discount found,https://www.daraz.pk/products/7-ace-2gb-64gb-wach-5000mah-i506998003.html
TECNO POP 7 = 2GB+2GB = 4GB RAM = 64GB ROM = 5000mAh BATTERY,"19,999",No discount found,https://www.daraz.pk/products/7-2gb-2gb-4gb-64gb-5000mah-i467302988.html
"Samsung Galaxy A04 - 6.5"" Inch Display - 3GB RAM - 32GB ROM","19,999",No discount found,https://www.daraz.pk/products/samsung-galaxy-a04-65-inch-display-3gb-ram-32gb-rom-i396504249.html
VGOTEL NEW 16 = 4GB RAM = 64GB ROM = 5000mAh BATTERY,"19,999",No discount found,https://www.daraz.pk/products/16-4-8-12gb-64gb-5000mah-i450471372.html
ZTE A53 PRO = 4GB+4GB = 8GB RAM = 64GB ROM = 5000mAh BATTERY,"19,999",No discount found,https://www.daraz.pk/products/zte-a53-4gb-4gb-8gb-64gb-5000mah-i491333606.html
"Realme C30 - 6.5"" Inch Display - 3GB RAM - 32GB ROM","19,999",No discount found,https://www.daraz.pk/products/realme-c30-65-inch-display-3gb-ram-32gb-rom-i406118646.html
"Samsung Galaxy A04 - 6.5"" Inch Display - 3GB RAM - 32GB ROM","19,999",No discount found,https://www.daraz.pk/products/samsung-galaxy-a04-65-inch-display-3gb-ram-32gb-rom-i396504249.html
ZTE A54  4GB+4GB = 8GB RAM = 128GB ROM = 5000mAh BATTERY,"20,499",No discount found,https://www.daraz.pk/products/zte-4gb-4gb-a54-8gb-128gb-5000mah-i461007229.html
Villaon V30 RS - IPS LCD - 6.75 Inches Display - 4GB RAM 128GB ROM - 5MP Front Camera - 108MP Rear Camera - Octa-Core Processor - Dual SIM - 5000mAh Battery,"20,499",21% Off,https://www.daraz.pk/products/v30-rs-ips-lcd-675-4gb-128gb-5mp-108mp-5000mah-i537343371.html
"Itel P40 - 6.6"" INch Display - 4GB RAM - 64GB / 128GB ROM","20,599",No discount found,https://www.daraz.pk/products/itel-p40-66-inch-display-4gb-ram-64gb-128gb-rom-i428431709.html
"Vgotel New 24 - 6.5"" Inch Display - 4GB+4GB Extended RAM - 128GB ROM","20,899",No discount found,https://www.daraz.pk/products/vgotel-new-24-65-inch-display-4gb4gb-extended-ram-128gb-rom-i479456475.html
Samsung Galaxy A04 - 6.5 Inch FHD Infinity-V Display  3GB RAM 32GB ROM 5000 mAh Battery 1 Year Official Warranty,"20,980",33% Off,https://www.daraz.pk/products/a04-65-fhd-v-3gb-32gb-5000-mah-i454396858.html
"QSmart 8 6.8"" HD+ Display 5000mAh Big Battery 13MP AI Camera 4GB RAM + 4GB Extended RAM  128 GB ROM 1 Year Warranty","20,999",No discount found,https://www.daraz.pk/products/qsmart-8-hd-68-mah5000-13mp-ai-4gb-4gb-i515145381.html
"ZTE Blade A54 - 4GB RAM 64GB/128GB  ROM - IPS LCD - 6.6 Inches Display - 2MP Front Camera - 13MP Rear Camera - Dual SIM - Octa-Core Processor - 5000 mAh, non-removable","20,999",5% Off,https://www.daraz.pk/products/zte-a54-4gb-64gb128gb-ips-lcd-66-2mp-13mp-5000-mah-i485157661.html
SPARX NEO 5 PRO,"21,000",No discount found,https://www.daraz.pk/products/5-i495799608.html
REDMI A3X 3GB RAM + 64GB ROM - 5000 mAh Battery 6.74 Inches DISPLAY PTA APPROVED OFFICIAL BRAND WARRANTY,"21,000",No discount found,https://www.daraz.pk/products/redmi-a3x-3gb-ram-64gb-rom-5000-mah-battery-674-inches-display-pta-approved-official-brand-warranty-i496833623.html
"Sparx Neo 8 Plus Smartphone - UNISOC T606, Android S (12), 64GB ROM, 4GB RAM, 6.745"" HD+ Display, 90Hz IPS, Dual SIM, 5000mAh Battery, Fingerprint Scanner, Fast Charging","21,159",4% Off,https://www.daraz.pk/products/8-t606-s-12-64gb-4gb-4-hd-90hz-ips-1-mah-i454494002.html
"itel A70 12GB* RAM + 128GB Storage with Memory Fusion | 6.6"" HD+ Display | Side Mounted Fingerprint | 13MP HD Rear Camera | 5000mAh, Type-C | PTA Approved & 12 Month's Official Warranty","21,999",8% Off,https://www.daraz.pk/products/itel-a70-12gb-ram-128gb-storage-with-memory-fusion-66-hd-display-side-mounted-fingerprint-13mp-hd-rear-camera-5000mah-type-c-pta-approved-12-months-official-warranty-i486154524.html
"Redmi A3 (4GB-64GB) Display 6.74"" PTA Approved 1 Year Official Warranty","21,999",8% Off,https://www.daraz.pk/products/redmi-a3-4gb-64gb-display-674-pta-approved-1-year-official-warranty-i490650991.html
Vivo S1 | 128 GB Storage | 4 GB RAM | 6.38 Inches Super AMOLED Display| Octa-Core Processor | 16 Mega Pixel Main Camera Rear and 32 Mega Pixel Selfie Camera | 4500 mAh Battery | Dual Nano Sim Slot Phone | Daraz Like New Phones.(Non-PTA),"21,999",33% Off,https://www.daraz.pk/products/vivo-128-gb-storage-4-gb-ram-638-inches-super-amoled-display-octa-core-processor-16-mega-pixel-main-camera-rear-and-32-mega-pixel-selfie-camera-4500-mah-battery-dual-nano-sim-slot-phone-daraz-like-new-phonesnon-pta-i493811398.html
Vivo S1 | 128 GB Storage | 4 GB RAM | 6.38 Inches Super AMOLED Display| Octa-Core Processor | 16 Mega Pixel Main Camera Rear and 32 Mega Pixel Selfie Camera | 4500 mAh Battery | Dual Nano Sim Slot Phone | Daraz Like New Phones.(Non-PTA),"21,999",33% Off,https://www.daraz.pk/products/vivo-128-gb-storage-4-gb-ram-638-inches-super-amoled-display-octa-core-processor-16-mega-pixel-main-camera-rear-and-32-mega-pixel-selfie-camera-4500-mah-battery-dual-nano-sim-slot-phone-daraz-like-new-phonesnon-pta-i493811398.html
"OPPO F11 (CPH1913, CPH1911) 6.53 Inches IPS LCD - 8GB RAM 256GB ROM - 48MP + 5MP + 16MP Camera - Official PTA Approve - Dual SIM (WIth Box Only Charger Accessoires Not Included - Multi Color)","22,309",36% Off,https://www.daraz.pk/products/oppo-f11-cph1913-cph1911-653-inches-ips-lcd-8gb-ram-256gb-rom-48mp-5mp-16mp-camera-official-pta-approve-dual-sim-with-box-only-charger-accessoires-not-included-multi-color-i485294027.html
"Itel S23 - 6.6"" Inch Display - 8GB + 8GB RAM - 128GB / 256GB ROM","22,490",No discount found,https://www.daraz.pk/products/itel-66-inch-display-8gb-8gb-ram-128gb-256gb-rom-i427991771.html
"Itel S23 - 6.6"" Inch Display - 8GB + 8GB RAM - 128GB / 256GB ROM","22,490",No discount found,https://www.daraz.pk/products/itel-66-inch-display-8gb-8gb-ram-128gb-256gb-rom-i427991771.html
SPARX NEO X = 4GB RAM 64GB ROM = 5000 mAh Battery,"22,499",No discount found,https://www.daraz.pk/products/x-4gb-64gb-5000-mah-i434250841.html
Itel A70 - 4GB RAM 128GB ROM - 6.6 Inches Display - IPS LCD - Dual SIM - 5000mAh Battery,"22,499",2% Off,https://www.daraz.pk/products/4gb-a70-128gb-66-ips-lcd-5000mah-i466556644.html
"Nokia C12 Pro RAM 4 GB ROM 64 GB Front Camera 5 MP Back Camera 8 MP  Battery Type	4000 mAh","22,499",2% Off,https://www.daraz.pk/products/c12-4-gb-64-gb-5-mp-8-mp-4000-mah-i467245995.html
Redmi A3 - 6.71 Inches Display - IPS LCD - 4GB RAM 64/128GB ROM - 8MP Rear Camera - 5MP Front Camera - Dual SIM - 5000mAh Battery - PTA APPROVED - 1 Year Warranty,"22,499",6% Off,https://www.daraz.pk/products/a3-ips-lcd-4gb-64671-gb-8mp-5mp-128-mah-pta-1-i469903730.html
Itel S23 8GB Ram 128GB Rom || 6.6 Inches IPS Display 90Hz || 5000 mAh- Battery charging 10W,"22,500",6% Off,https://www.daraz.pk/products/s23-wace-8gb-128gb-1-000-ips-90hz-10-mah-10-i429690717.html
"TECNO SPARK Go 2024 64GB ROM+8GB RAM*(4GB+4GB Extended)   6.6""HD+Hole PTA APPROVED OFFICIAL BRAND WARRANTY","22,684",9% Off,https://www.daraz.pk/products/tecno-spark-go-2024-64gb-rom8gb-ram4gb4gb-extended-66hdhole-pta-approved-official-brand-warranty-i454380686.html
"Realme Note 50 (active) 4GB Ram 64GB Rom 6.74"" Display 13MP Rear Camera 5000mAh Battery PTA Approved One Year Brand Warranty","22,749",17% Off,https://www.daraz.pk/products/realme-note-50-active-4gb-ram-64gb-rom-674-display-13mp-rear-camera-5000mah-battery-pta-approved-one-year-brand-warranty-i518791901.html
Infinix Smart 8 4/64,"22,799",9% Off,https://www.daraz.pk/products/infinix-smart-8-464-i490237385.html
Tecno Spark Go 2024 4/64,"22,899",8% Off,https://www.daraz.pk/products/tecno-spark-go-2024-464-i490232576.html
Tecno Spark Go 2024 4/64,"22,899",8% Off,https://www.daraz.pk/products/tecno-spark-go-2024-464-i490232576.html
Redmi A3 || 4GB Ram 64GB Rom || 5000mAh Battery,"22,949",8% Off,https://www.daraz.pk/products/a3-air-4gb-64gb-wa3-ace-5000mah-i478873623.html
Realme Note 50 | 4GB RAM 64GB ROM | 90Hz Display | 5000mAh Battery | 13MP AI Camera | Ultra Slim Design,"22,987",10% Off,https://www.daraz.pk/products/50-4gb-64gb-90hz-5000mah-13mp-ai-i468150480.html
"Samsung Galaxy A03 - 6.5"" Inch Display - 4GB RAM - 64GB ROM","22,995",No discount found,https://www.daraz.pk/products/samsung-galaxy-a03-65-inch-display-4gb-ram-64gb-rom-i319407020.html
"Tecno Spark Go 2024 - 6.6 Inches Display - IPS LCD - 4GB RAM 64GB ROM - 8 MP Front Camera - 13MP Rear Camera - Dual SIM - 5000 mAh, non-removable - PTA APPROVED","22,999",12% Off,https://www.daraz.pk/products/2024-ips-lcd-4gb-64gb-8-mp-13mp-66-mah-pta-i469864438.html
"Qsmart Ultra - 6.8"" HD+ U-Notch screen - 6GB RAM 128GB ROM - 13MP Front Camera - 50MP Rear Camera - Dual SIM - 5000mAh Battery","22,999",No discount found,https://www.daraz.pk/products/q-68-hd-u-6gb-128gb-13mp-50mp-5000mah-i533062675.html
Itel S23 8GB RAM 128GB ROM  50MP Main Camera  Side Fingerprint  5000mAh Battery,"22,999",15% Off,https://www.daraz.pk/products/8gb-128gb-50mp-5000mah-i435996514.html
Infinix Smart 8 64GB ROM - 4GB RAM PTA APPROVED OFFICIAL BRAND WARRANTY,"23,002",8% Off,https://www.daraz.pk/products/infinix-smart-8-64gb-rom-4gb-ram-pta-approved-official-brand-warranty-i451666534.html
Oneplus Nord N20SE - 6.56 Inches HD+ Display - 60Hz Fresh Rate - 6GB RAM - 128GB ROM (64GB Usable) - Dual Sim PTA Approved - MediaTek Helio G35 - Android 12 (Phone Only - Color Mix),"23,279",33% Off,https://www.daraz.pk/products/oneplus-nord-n20se-656-inches-hd-display-60hz-fresh-rate-6gb-ram-128gb-rom-64gb-usable-dual-sim-pta-approved-mediatek-helio-g35-android-12-phone-only-color-mix-i502644747.html
"TECNO SPARK Go 2024 64GB ROM+8GB RAM*(4GB+4GB Extended) 6.6""HD+Hole PTA APPROVED OFFICIAL BRAND WARRANT","23,480",6% Off,https://www.daraz.pk/products/8gb-64gb-4gb-4gb-hd-pta-i495597334.html
"Samsung Galaxy A05 RAM 4 GB ROM 64 GB Front Camera	8 MP Back Camera	50.0 MP + 2.0 MP   Battery Type	5000 mAh","23,480",22% Off,https://www.daraz.pk/products/a05-4-gb-64-gb-8-mp-4-mp-500-mah-i466115711.html
Samsung Galaxy A05 - 4GB 64GB - PTA Approved 1 Year Official Warranty,"23,499",6% Off,https://www.daraz.pk/products/samsung-galaxy-a05-4gb-64gb-pta-approved-1-year-official-warranty-i488822801.html
Oneplus Nord N20SE - 6.56 Inches HD+ Display - 60Hz Fresh Rate - 6GB RAM - 128GB ROM (64GB Usable) - Dual Sim PTA Approved - MediaTek Helio G35 - Android 12 (Phone Only - Color Mix),"23,699",32% Off,https://www.daraz.pk/products/n20se-656-hd-60hz-6gb-128gb-64gb-pta-g35-12-i494037086.html
"Nokia C31 - 6.75"" Inch Display - 4GB RAM - 64GB ROM / 128GB ROM","23,750",No discount found,https://www.daraz.pk/products/nokia-c31-675-inch-display-4gb-ram-64gb-rom-128gb-rom-i403243483.html
"Samsung Galaxy A05 4GB RAM-64GB ROM  6.7"" HD+ display  5000mAh long-lasting battery","23,797",5% Off,https://www.daraz.pk/products/samsung-galaxy-a05-4gb-ram-64gb-rom-67-hd-display-5000mah-long-lasting-battery-i488829421.html
"Samsung Galaxy A05 4GB RAM-64GB ROM  6.7"" HD+ display  5000mAh long-lasting battery","23,797",5% Off,https://www.daraz.pk/products/samsung-galaxy-a05-4gb-ram-64gb-rom-67-hd-display-5000mah-long-lasting-battery-i488829421.html
"Infinix Smart 8 RAM 4 GB ROM 64 GB Front Camera	8 MP  Back Camera	13 MP + 0.3 MP   Battery Type	5000 mAh","23,930",11% Off,https://www.daraz.pk/products/8-4-gb-64-gb-8-mp-13-mp-03-mp-5000-mah-i442256969.html
REDMI A3 || 4GB Ram 128GB Rom || 5000mAh Battery,"23,949",8% Off,https://www.daraz.pk/products/a3-4gb-1-000-gb-i468575902.html
Realme C51 || 3GB Ram 64GB Rom || 5000mAh Battery || 33W Charger,"23,949",No discount found,https://www.daraz.pk/products/c51-3gb-64gb-rame-5000mah-i501884619.html
REDMI A3 || 4GB Ram 128GB Rom || 5000mAh Battery,"23,949",8% Off,https://www.daraz.pk/products/a3-4gb-1-000-gb-i468575902.html
Samsung Galaxy A05 4GB RAM 64GB Storage HD+ Display Dual Camera 5000mAh Battery,"23,998",14% Off,https://www.daraz.pk/products/4gb-a05-64gb-hd-5000mah-i503187964.html
realme C51 3GB Ram-64GBROM-5000MAH,"23,999",8% Off,https://www.daraz.pk/products/64gb-3gb-c51-i454366519.html
"Redmi A3 (4GB-128GB) Display 6.74"" PTA Approved 1 Year Official Warranty","23,999",8% Off,https://www.daraz.pk/products/redmi-a3-4gb-128gb-display-674-pta-approved-1-year-official-warranty-i472969179.html
"Samsung Galaxy A05 - 6.7"" Inch Display - 4GB RAM - 64GB ROM","24,099",No discount found,https://www.daraz.pk/products/samsung-galaxy-a05-67-inch-display-4gb-ram-64gb-rom-i487897483.html
"Samsung Galaxy A05 - 6.7"" Inch Display - 4GB RAM - 64GB ROM","24,099",No discount found,https://www.daraz.pk/products/samsung-galaxy-a05-67-inch-display-4gb-ram-64gb-rom-i487897483.html
REDMI A3 4GB RAM-128GB ROM 6.71-inch display 5000 mAh PTA APPROVED OFFICIAL BRAND WARRANTY,"24,199",7% Off,https://www.daraz.pk/products/redmi-a3-4gb-ram-128gb-rom-671-inch-display-5000-mah-pta-approved-official-brand-warranty-i468942347.html
Redmi A3 4GB RAM + 128 GB ROM,"24,299",7% Off,https://www.daraz.pk/products/redmi-a3-4gb-ram-128-gb-rom-i535343398.html
Redmi A3 4GB RAM + 128 GB ROM,"24,299",7% Off,https://www.daraz.pk/products/redmi-a3-4gb-ram-128-gb-rom-i535343398.html
Infinix Smart 8 - 4GB RAM 64GB RAM 6.6'' Inch Display 13MP Back Camera 5000 mAh Battery Official Warranty,"24,480",6% Off,https://www.daraz.pk/products/8-4gb-64gb-66-13mp-5000-mah-i456629964.html
itel S23 -  8GB RAM 128GB/256GB ROM - 6.6 Inches 90hZ Display - 5000mAh Battery,"24,499",2% Off,https://www.daraz.pk/products/8gb-128gb-90-90hz-256-mah-i428473666.html
ITEL A70 PRO = 4GB+8GB = 12GB RAM = 256GB ROM = 5000mAh BATTERY,"24,499",No discount found,https://www.daraz.pk/products/a70-4gb-8gb-12gb-256gb-5000mah-i462485108.html
Xsmart Mate 10 - 6GB RAM 128GB ROM - 6.56 Inches Display - Dual SIM - 5000mAh Battery,"24,499",2% Off,https://www.daraz.pk/products/x-10-6gb-128gb-656-5000mah-i466045624.html
"Realme Narzo 50A Prime - 6.6"" Inch Display - 4GB RAM - 64GB & 128GB ROM","24,499",No discount found,https://www.daraz.pk/products/realme-narzo-50a-prime-66-inch-display-4gb-ram-64gb-rom-i424261990.html
Realme Note 50 - 4GB RAM 64GB/128GB ROM - 6.7 Inches Display - IPS LCD - Dual SIM - 5000mAh Battery,"24,699",9% Off,https://www.daraz.pk/products/50-4gb-64gb128gb-67-ips-lcd-5000mah-i469027112.html
Realme Note 50 - 4GB RAM 64GB/128GB ROM - 6.7 Inches Display - IPS LCD - Dual SIM - 5000mAh Battery,"24,699",9% Off,https://www.daraz.pk/products/50-4gb-64gb128gb-67-ips-lcd-5000mah-i469027112.html
Infinix Smart 8 Plus 4/64,"24,799",8% Off,https://www.daraz.pk/products/infinix-smart-8-plus-464-i490237396.html
itel S23 -  8GB RAM 128GB/256GB ROM - 6.6 Inches Display - IPS LCD - Dual SIM - 5000mAh Battery,"24,999",2% Off,https://www.daraz.pk/products/8gb-8gb128gb-256-ips-lcd-66-mah-i433887726.html
Samsung A05 - 4GB RAM 64GB/128GB ROM - 6.7 Inches Display - PLS LCD - Dual SIM - 5000mAh Battery,"24,999",7% Off,https://www.daraz.pk/products/4gb-a05-64gb128gb-67-pls-lcd-5000mah-i466879548.html
"Itel S 23 8GB + 256GB || 6.6"" IPS Display || 5000 mah Battery 10W Fast Charging","24,999",4% Off,https://www.daraz.pk/products/s-23-8gb-256gb-ips-100-mah-10-i433523928.html
"Realme Note 50 || 4GB + 4GB Extended Ram 64GB Rom || 6.7"" 90Hz HD+ Display || 5000 mAh - Battery charging 10W","25,149",3% Off,https://www.daraz.pk/products/50-4gb-4gb-64gb-90hz-hd-67-mah-10w-i468996626.html
"Infinix Smart 8 Plus - 6.6"" Inch Display - 4GB RAM - 64GB ROM","25,299",No discount found,https://www.daraz.pk/products/infinix-smart-8-plus-66-inch-display-4gb-3gb-extended-ram-64gb-rom-i487299876.html
Tecno Spark 20C 4/128,"25,799",8% Off,https://www.daraz.pk/products/tecno-spark-20c-4128-i490241054.html
"Realme C51 - 6.74"" Inch Display - 4GB+4GB Extended RAM - 64GB ROM - 128GB ROM","25,850",No discount found,https://www.daraz.pk/products/realme-c51-674-inch-display-4gb4gb-extended-ram-64gb-rom-128gb-rom-i449890810.html
SPARK 20C  128GB ROM+4GB RAM*(4GB+4GB Extended)  5000mAh(typ) Battery PTA Approved Official Brand Warranty,"25,864",8% Off,https://www.daraz.pk/products/spark-20c-128gb-rom4gb-ram4gb4gb-extended-5000mahtyp-battery-pta-approved-official-brand-warranty-i459853549.html
Infinix Smart 8 Plus - 4GB RAM 64GB ROM 6.6'' Inch Display 6000 mAh Battery With Official Warranty,"25,980",7% Off,https://www.daraz.pk/products/8-4gb-64gb-i456616959.html
TECNO SPARK 10 = 4+4=8GB RAM + 128GB ROM = 5000mAh BATTERY,"25,999",No discount found,https://www.daraz.pk/products/10-4-4-8gb-128gb-5000mah-i451118923.html
"Nokia C22 4GB Ram 128GB Rom 13MP Rear Camera 6.5"" Display 5000mAh Battery PTA Approved One Year Brand Warranty","25,999",4% Off,https://www.daraz.pk/products/nokia-c22-4gb-ram-128gb-rom-13mp-rear-camera-65-display-5000mah-battery-pta-approved-one-year-brand-warranty-i469231155.html
Sparx neo 7 ultra 8GB RAM 128GB ROM || 50 MP dual camera || 5000mAh battery || PTA approved || 1 year brand warranty,"26,149",13% Off,https://www.daraz.pk/products/sparx-neo-7-ultra-8gb-ram-128gb-rom-50-mp-dual-camera-5000mah-battery-pta-approved-1-year-brand-warranty-i432785193.html
"Sparx  Neo 7 Ultra 128GB ROM | 8GB RAM  Battery: 5000mAh Display: 6.52"" PTA APPROVED OFFICIAL BRAND WARRANTY","26,250",5% Off,https://www.daraz.pk/products/sparx-neo-7-ultra-128gb-rom-8gb-ram-battery-5000mah-display-652-pta-approved-official-brand-warranty-i532869520.html
itel P55 - 8GB RAM 128GB ROM - 90Hz 6.6'' Punch-hole Display - 8MP Front Camera - 50MP Rear Camera - Octa-Core Processor - Dual SIM - 5000mAh Battery,"26,399",2% Off,https://www.daraz.pk/products/8gb-p55-128gb-90hz-66-8mp-50mp-5000mah-i485480342.html
"Redmi 12C - 6.71"" Inch Display - 4GB RAM","26,499",No discount found,https://www.daraz.pk/products/redmi-12c-671-inch-display-4gb-ram-i425222112.html
"Vivo Y03 - 6.56"" Inch Display - 4GB RAM - 64GB & 128GB ROM","26,899",No discount found,https://www.daraz.pk/products/vivo-y03-656-inch-display-4gb-ram-64gb-128gb-rom-i479389978.html
"VIVO Y03 - 6.56"" 90hz Display - 5000 mAh Battery - 4GB+4GB Expandable RAM - 64GB/128GB ROM upto 1TB SD Card support - Front 5 MP / Rear 13 MP + 0.08 MP Camera - Official PTA Approved - One Year Brand Warranty","26,999",4% Off,https://www.daraz.pk/products/y03-4gb-4gb-64gb656-gb-1tb-sd-5-mp-13-mp-008-mp-pta-i479033105.html
"VIVO Y03 - 6.56"" Display - 5000mAh Battery - 4GB+4GB Expandable RAM - 64GB/128GB ROM - IP54 Protection - PTA Approved","26,999",4% Off,https://www.daraz.pk/products/y03-4gb-4gb-64gb656-gb-ip54-pta-i479026141.html
REALME NOTE 50 = 4GB RAM = 128GB ROM = 5000mAh BATTERY,"26,999",No discount found,https://www.daraz.pk/products/50-4gb-128gb-5000mah-i482689798.html
"Vivo Y03  RAM 4 GB ROM 64 GB Front Camera	5 MP Back Camera	13 MP + 0.08 MP Battery Type	5000 mAh","27,430",9% Off,https://www.daraz.pk/products/y03-4-gb-64-gb-5-mp-13-mp-008-mp-5000-mah-i478755384.html
"Vivo Y03  RAM 4 GB ROM 64 GB Front Camera	5 MP Back Camera	13 MP + 0.08 MP Battery Type	5000 mAh","27,480",8% Off,https://www.daraz.pk/products/y03-4-gb-64-gb-5-mp-13-mp-008-mp-5000-mah-i478765143.html
Infinix Hot 40i 8/128,"28,399",8% Off,https://www.daraz.pk/products/infinix-hot-40i-8128-i490241066.html
"Samsung Galaxy A05 4GB RAM-128GB ROM  6.7"" HD+ display  5000mAh long-lasting battery","28,620",5% Off,https://www.daraz.pk/products/samsung-galaxy-a05-4gb-ram-128gb-rom-67-hd-display-5000mah-long-lasting-battery-i466868583.html
Redmi 13C || 4GB Ram 128GB Rom || 5000mAh Battery,"28,749",No discount found,https://www.daraz.pk/products/13c-4gb-1-000-gb-4-mah-i450650978.html
Redmi 13C || 4GB Ram 128GB Rom || 5000mAh Battery,"28,749",No discount found,https://www.daraz.pk/products/13c-4gb-1-000-gb-4-mah-i450650978.html
Samsung Galaxy A05 RAM 4 GB ROM 128 GB Front Camera 8 MP Back Camera 50.0 MP + 2.0 MP Battery Type 5000 mAh,"28,780",10% Off,https://www.daraz.pk/products/a05-4-gb-1-gb-8-mp-4-mp-128-mah-i499060804.html
"Vgotel Note 23 - 6.78"" Inch Display - 8GB + 8GB RAM - 256GB ROM","28,999",No discount found,https://www.daraz.pk/products/vgotel-note-23-678-inch-display-8gb-8gb-ram-256gb-rom-i533063428.html
"Samsung A05 - 4GB/128GB - 6.7"" Display - Android 13 - 5000 mAh Battery","29,099",3% Off,https://www.daraz.pk/products/samsung-a05-4gb128gb-67-display-android-13-5000-mah-battery-i466926610.html
"Redmi 13C - 6.74"" Inch Display - 4GB RAM - 128GB ROM","29,399",No discount found,https://www.daraz.pk/products/redmi-13c-674-inch-display-4gb-ram-128gb-rom-i449896390.html
Sparx Ultra 11 Pta Approved with Stunning Display and Enhanced Security,"29,499",11% Off,https://www.daraz.pk/products/11-pta-i466858418.html
"Vgotel Note 23 - 8GB RAM 256GB ROM - 6.78’’ FHD+ Punch Hole Display, 120Hz Refresh Rate - 5000mAh Battery","29,499",25% Off,https://www.daraz.pk/products/23-8gb-256gb-fhd-678-hz-120-mah-i442834371.html
Aquos R2 - 4GB/64gb - Official  PTA Approved,"29,500",9% Off,https://www.daraz.pk/products/r2-4gb64gb-pta-i437404426.html
"Infinix Hot 30i - 6.56"" Inch Display - 8GB RAM - 128GB ROM","29,599",No discount found,https://www.daraz.pk/products/infinix-hot-30i-656-inch-display-8gb-ram-128gb-rom-i427463106.html
"Infinix Hot 40i RAM 8 GB ROM 128 GB Front Camera 32 MP Back Camera  50 MP + 0.08 MP  Battery Type	5000 mAh","29,930",14% Off,https://www.daraz.pk/products/40i-8-gb-128-gb-32-mp-50-mp-008-mp-5000-mah-i456594298.html
Infinix Hot 40i || 8GB+8GB Ram 5000mAh Battery || 50MP Camera,"29,949",No discount found,https://www.daraz.pk/products/40i-8gb-8gb-1-000mah-50mp-i456582007.html
Infinix Hot 40i || 8GB+8GB Ram 5000mAh Battery || 50MP Camera,"29,949",No discount found,https://www.daraz.pk/products/40i-8gb-8gb-1-000mah-50mp-i456582007.html
"Infinix Hot 40i - 6.56"" Inch Display - 8GB + 8GB RAM - 128GB & 256GB ROM","29,950",No discount found,https://www.daraz.pk/products/infinix-hot-40i-656-inch-display-8gb-8gb-ram-128gb-256gb-rom-i456272816.html
Vgotel Note 23 - 8GB RAM 256GB ROM - 5000mAh Battery,"29,999",6% Off,https://www.daraz.pk/products/23-8gb-256gb-5000mah-i442835292.html
"Vgotel Note 23 - 8GB RAM 256GB ROM - 6.78’’ FHD+ Punch Hole Display, 120Hz Refresh Rate - Dual SIM - 5000mAh Battery","29,999",25% Off,https://www.daraz.pk/products/23-8gb-256gb-fhd-678-hz-120-mah-i442844112.html
ITEL S24 = 8GB RAM = 128GB ROM = 5000mAh BATTERY,"29,999",No discount found,https://www.daraz.pk/products/s24-8gb-128gb-5000mah-i536551119.html
Motorola Moto G51 5G - 6.8inches - Dual Sim 5G - 8GB Ram - 128GB Rom - 5000mAh Battery,"29,999",No discount found,https://www.daraz.pk/products/motorola-moto-g51-5g-68inches-dual-sim-5g-8gb-ram-128gb-rom-5000mah-battery-i520035298.html
"Infinix Hot 40i || 8GB + 128GB || 6.6"" IPS Display || Battery (Li-ion Non removable), 5000 mAh","30,000",No discount found,https://www.daraz.pk/products/40i-wach-8gb-128gb-ips-li-ion-66-mah-i489869288.html
"Sparx Ultra 8 (8+5GB Ram 128GB Rom), 50MP Rear Camera, 32MP Front Camera, Mediatek Helio G88, 5000mAh Battery, One Year Brand Warranty.","30,149",14% Off,https://www.daraz.pk/products/sparx-ultra-8-85gb-ram-128gb-rom-50mp-rear-camera-32mp-front-camera-mediatek-helio-g88-5000mah-battery-one-year-brand-warranty-i528603411.html
"Oppo A16e - 6.52"" Inch Display - 4GB RAM - 64GB ROM","30,750",No discount found,https://www.daraz.pk/products/oppo-a16e-652-inch-display-4gb-ram-64gb-rom-i270167705.html
Redmi 13C || 6GB Ram 128GB Rom || 5000mAh Battery,"30,849",12% Off,https://www.daraz.pk/products/13c-air-6gb-128gb-wach-5000mah-i443800741.html
realme C51 4GB -128GB-5000MAH Battery,"30,999",No discount found,https://www.daraz.pk/products/realme-c51-4gb-128gb-5000mah-battery-i444201184.html
Redmi 13c - 6GB RAM  128GB ROM -  6.74 Inches Display - IPS LCD - Dual SIM - 5000mAh Battery,"31,499",5% Off,https://www.daraz.pk/products/13c-6gb-128gb-674-ips-lcd-5000mah-i447105206.html
Redmi 13C || 6GB Ram 128GB Rom || 5000mAh Battery 50 MP + 2 MP + 0.08 MP Back Camera,"31,500",10% Off,https://www.daraz.pk/products/13c-6gb-1-000-gb-2-mp-2-mp-20-mah-13c-i494621672.html
"Infinix Hot 12 - 6.82"" Inch Display - 6GB RAM - 128GB ROM","31,750",No discount found,https://www.daraz.pk/products/infinix-hot-12-682-inch-display-6gb-ram-128gb-rom-i298837321.html
"Tecno Spark 20 RAM 8 GB ROM 128 GB Front Camera	32 MP Back Camera	Dual Camera: 50 MP, f/1.6, (wide), PDAF + 0.08 MP (auxiliary lens)  Battery Type	5000 mAh, non-removable","31,930",9% Off,https://www.daraz.pk/products/20-8-gb-128-gb-32-mp-50-mp-f16-pdaf-008-mp-5000-mah-i467911488.html
"Redmi 13C - 6.74"" Inch Display - 6GB RAM - 128GB ROM","31,950",No discount found,https://www.daraz.pk/products/redmi-13c-674-inch-display-6gb-ram-128gb-rom-i449495364.html
Itel S24 - 6.6 Inches Display - 8GB RAM 128GB ROM - 8MP Front Camera - 108MP Rear Camera - Dual SIM - 5000mAh Battery,"31,999",3% Off,https://www.daraz.pk/products/s24-8gb-66-gb-8mp-108mp-128-mah-i534511627.html
"Realme C53 (Active)  6GB Ram 128GB Rom 6.74"" Display 50MP Rear Camera 5000mAh Battery PTA Approved One Year Brand Warranty","32,199",11% Off,https://www.daraz.pk/products/realme-c53-active-6gb-ram-128gb-rom-674-display-50mp-rear-camera-5000mah-battery-pta-approved-one-year-brand-warranty-i527522873.html
"Tecno Spark 20 8GB Ram 256GB Rom 6.6"" Display  50MP Rear Camera 5000mAh Battery PTA Approved One Year Brand Warranty","32,649",13% Off,https://www.daraz.pk/products/tecno-spark-20-8gb-ram-256gb-rom-66-display-50mp-rear-camera-5000mah-battery-pta-approved-one-year-brand-warranty-i454102634.html
"Tecno Spark 20 8GB Ram 256GB Rom 6.6"" Display  50MP Rear Camera 5000mAh Battery PTA Approved One Year Brand Warranty","32,649",13% Off,https://www.daraz.pk/products/tecno-spark-20-8gb-ram-256gb-rom-66-display-50mp-rear-camera-5000mah-battery-pta-approved-one-year-brand-warranty-i454102634.html
Motorola Moto One 5G Ace 4/6 GB Ram 64/128GB Rom Single Sim,"32,980",3% Off,https://www.daraz.pk/products/5g-ace-46-gb-64128gb-i434159593.html
"TECNO SPARK 20 256GB ROM+16GB RAM*(8GB+8GB Extended) 5000mAh(typ) BATTERY  6.6"" HD+ 90Hz Refresh Rate PTA APPROVED OFFICIAL BRAND WARRANTY","33,072",6% Off,https://www.daraz.pk/products/tecno-spark-20-256gb-rom16gb-ram8gb8gb-extended-5000mahtyp-battery-66-hd-90hz-refresh-rate-pta-approved-official-brand-warranty-i454389166.html
"TECNO SPARK 20 256GB ROM+16GB RAM*(8GB+8GB Extended) 5000mAh(typ) BATTERY  6.6"" HD+ 90Hz Refresh Rate PTA APPROVED OFFICIAL BRAND WARRANTY","33,072",6% Off,https://www.daraz.pk/products/tecno-spark-20-256gb-rom16gb-ram8gb8gb-extended-5000mahtyp-battery-66-hd-90hz-refresh-rate-pta-approved-official-brand-warranty-i454389166.html
"Samsung Galaxy A05 RAM 6 GB ROM 128 GB Front Camera	8 MP Back Camera	50.0 MP + 2.0 MP   Battery Type	5000 mAh","33,980",15% Off,https://www.daraz.pk/products/a05-6-gb-128-gb-8-mp-500-mp-20-mah-i466117319.html
"Samsung Galaxy A05 6GB RAM-128GB ROM  6.7"" HD+ display  5000mAh long-lasting battery","34,132",5% Off,https://www.daraz.pk/products/samsung-galaxy-a05-6gb-ram-128gb-rom-67-hd-display-5000mah-long-lasting-battery-i466869554.html
"Samsung Galaxy A05 6GB RAM-128GB ROM  6.7"" HD+ display  5000mAh long-lasting battery","34,132",5% Off,https://www.daraz.pk/products/samsung-galaxy-a05-6gb-ram-128gb-rom-67-hd-display-5000mah-long-lasting-battery-i466869554.html
"Redmi 12 - 6.79"" Inch Display - 4GB RAM - 128GB ROM","34,499",No discount found,https://www.daraz.pk/products/redmi-12-679-inch-display-8gb-ram-128gb-rom-i434407880.html
Realme C53 - 6GB RAM 128GB ROM - 6.74 Inches Display - IPS LCD - Octa-Core Processor - Dual SIM - 5000mAh Battery,"34,499",14% Off,https://www.daraz.pk/products/6gb-c53-128gb-674-ips-lcd-5000mah-i449681117.html
"Tecno Spark 20 (8GB-256GB) Display 6.78"" PTA Approved 1 Year Official Warranty","34,499",1% Off,https://www.daraz.pk/products/tecno-spark-20-8gb-256gb-display-678-pta-approved-1-year-official-warranty-i495269500.html
Samsung Galaxy A05 - 6GB RAM 128GB ROM 6.7'' HD+ Display 50MP Main Camera 5000mAh Battery 25w Fast Charge,"34,980",4% Off,https://www.daraz.pk/products/4gb-a05-64gb-hd-50mp-5mah-25-i492162536.html
Samsung Galaxy A14 - 6.6 Inch Display - 4GB RAM - 64GB & 128GB ROM,"34,999",No discount found,https://www.daraz.pk/products/samsung-galaxy-a14-66-inch-display-4gb-ram-64gb-128gb-rom-i422664820.html
"Samsung A05 - 6GB/128GB - 6.7"" Display - Android 13 - 5000 mAh Battery","34,999",3% Off,https://www.daraz.pk/products/samsung-a05-6gb128gb-67-display-android-13-5000-mah-battery-i466922936.html
Redmi 10 4GB RAM+128GB ROM - Helios Processor,"34,999",No discount found,https://www.daraz.pk/products/10-4gb-128gb-i249489318.html
Samsung A05 - 6GB RAM 128GB ROM - 6.7 Inches Display - Dual SIM - 5000mAh Battery,"34,999",3% Off,https://www.daraz.pk/products/6gb-a05-128gb-67-5000mah-i466879607.html
"Xiaomi Poco C 65 RAM 6 GB ROM 128 GB Front Camera 8 MP Back Camera 50 MP Battery Type (Li-Po Non removable), 5000 Mah","35,480",11% Off,https://www.daraz.pk/products/c-65-6-gb-128-gb-8-mp-50-mp-5000-mah-i452889227.html
"Vivo Y18 RAM 4 GB ROM 128 GB Front Camera	8 MP Back Camera	50 MP + 0.08 MP Battery Type	Li-Ion 5000 mAh","35,880",10% Off,https://www.daraz.pk/products/y18-4-gb-128-gb-8-mp-50-mp-008-mp-li-ion-5000-mah-i504962133.html
"Infinix Hot 40 RAM 8 GB ROM 256 GB Front Camera 32 MP Back Camera 50 MP + 2 MP + 0.08 MP Battery Type	5000 mAh","36,430",19% Off,https://www.daraz.pk/products/40-8-gb-256-gb-32-mp-50-mp-2-mp-2-mp-008-mah-i451667917.html
OnePlus N200 5G 4GB Ram 64GB Rom Single Sim,"36,860",3% Off,https://www.daraz.pk/products/4gb-5g-n200-64gb-i434672534.html
Realme C63 - 6GB RAM 128GB ROM - IPS LCD - 6.745 Inches Display - 50MP Rear Camera - 8MP Front Camera - Dual SIM - UNISOC T612 Chipset - 5000mAh Battery,"36,999",8% Off,https://www.daraz.pk/products/6gb-c63-128gb-ips-lcd-6745-50mp-8mp-t612-5000mah-i510530887.html
Infinix Hot 40 - 8GB RAM 128GB/256GB ROM - 6.78 Inches Display - IPS LCD -  Dual SIM - 5000mAh Battery,"36,999",3% Off,https://www.daraz.pk/products/40-8gb-128gb-4-ips-lcd-256-mah-i451934745.html
"Realme C63 RAM 6 GB ROM 128 GB Front Camera 8 MP Back Camera 50 MP  Battery Type	5000 mAh","37,430",6% Off,https://www.daraz.pk/products/c63-6-gb-128-gb-8-mp-50-mp-5000-mah-i503510633.html
"Infinix Hot 40 - 6.78"" Inch Display - 8GB RAM - 128GB & 256GB ROM","37,499",No discount found,https://www.daraz.pk/products/infinix-hot-40-678-inch-display-8gb-ram-128gb-256gb-rom-i454094291.html
"Redmi 12 - 6.79"" Inch Display - 8GB RAM - 128GB & 256GB ROM ROM","37,899",No discount found,https://www.daraz.pk/products/redmi-12-679-inch-display-8gb-ram-128gb-256gb-rom-i428779197.html
"Redmi 12 - 6.79"" Inch Display - 8GB RAM - 128GB & 256GB ROM ROM","37,899",No discount found,https://www.daraz.pk/products/redmi-12-679-inch-display-8gb-ram-128gb-256gb-rom-i428779197.html
Sony Xperia 5 6GB Ram 64GB Rom Single Sim PTA Approved,"38,400",4% Off,https://www.daraz.pk/products/5-6gb-64gb-pta-i492359548.html
Sony Xperia 5 6GB Ram 64GB Rom Single Sim PTA Approved,"38,400",4% Off,https://www.daraz.pk/products/5-6gb-64gb-pta-i492359548.html
Redmi 12 || 8GB Ram 256GB Rom || 5000mAh Battery,"39,949",No discount found,https://www.daraz.pk/products/12-air-8gb-256gb-wach-5000mah-i450766048.html
Redmi 12 || 8GB Ram 128GB Rom || 5000mAh Battery,"39,979",No discount found,https://www.daraz.pk/products/12-air-8gb-128gb-wach-5000mah-i466951026.html
realme C63 6GB RAM- 128GB ROM 5000mAh Fast Charging Battery,"39,999",No discount found,https://www.daraz.pk/products/6gb-c63-128gb-5000mah-i505321399.html
Vivo Y18 - 6GB RAM 128GB ROM - IPS LCD - 6.56 Inches Display - 8MP Front Camera - 50MP + 0.08MP Rear Camera -  Dual SIM -  Helio G85 Processor - 5000mAh Battery,"40,499",6% Off,https://www.daraz.pk/products/6gb-y18-128gb-ips-lcd-656-8mp-50mp-008mp-g85-5000mah-i510535359.html
"Tecno Spark 20 Pro  RAM 8 GB ROM 256 GB Front Camera 32 MP Back Camera	108 MP, f/1.8, (wide), 1/1.67   Battery Type	5000 mAh, non-removable","40,930",9% Off,https://www.daraz.pk/products/20-8-gb-256-gb-32-mp-108-mp-f18-1167-5000-mah-i480602788.html
"Redmi 13 RAM 8 GB ROM 128 GB  Front Camera	13 MP Back Camera 108 MP + 2 MP  Battery Type	5030 mAh","40,980",9% Off,https://www.daraz.pk/products/13-8-gb-128-gb-13-mp-2-mp-2-mp-108-mah-i503515917.html
Vivo Y18 - 6GB RAM 128GB ROM - 6.56 Inches Display - 8MP Front Camera - 50MP + 0.08MP Rear Camera -  Dual SIM - 5000mAh Battery,"40,999",5% Off,https://www.daraz.pk/products/6gb-y18-128gb-656-8mp-50mp-008mp-5000mah-i510511811.html
Realme C63 - 8GB RAM 128GB ROM - 6.745 Inches Display - 50MP Rear Camera - 8MP Front Camera - Dual SIM - 5000mAh Battery,"40,999",9% Off,https://www.daraz.pk/products/8gb-c63-128gb-6745-50mp-8mp-5000mah-i510534331.html
Realme C63 - 8GB RAM 128GB ROM - IPS LCD - 6.745 Inches Display - 50MP Rear Camera - 8MP Front Camera - Dual SIM - UNISOC T612 Chipset - 5000mAh Battery,"40,999",9% Off,https://www.daraz.pk/products/c63-8gb-128gb-ips-lcd-6745-50mp-8mp-t612-5000mah-i510540009.html
"Tecno Spark 20 pro - 6.78"" FHD+ 120Hz Refresh Rate -  8GB RAM 256GB ROM - 108MP Rear Camera - 32MP Front Camera - Dual SIM - 5000mAh Battery","40,999",9% Off,https://www.daraz.pk/products/20-fhd-678-hz-8gb-120-gb-108mp-32mp-256-mah-i485499906.html
"Infinix Hot 40 Pro - 8GB Ram 256GB Storage | Non Active | 6.78"" 120Hz Display, 108MP Camera, Android 13, 5000mAh Battery | Stereo Speakers, NFC, 33W Fast Charge | Available in Palm Blue, Horizon Gold | Daraz.pk Exclusive","41,498",26% Off,https://www.daraz.pk/products/40-8gb-1-000-gb-256-hz-108mp-13-678-mah-nfc-33-pk-i453806821.html
Infinix Hot 40 Pro 8GB Ram 256GB Rom 5000mAh Battery 108MP Rear Camera PTA Approved One Year Brand Warranty,"41,499",14% Off,https://www.daraz.pk/products/infinix-hot-40-pro-8gb-ram-256gb-rom-5000mah-battery-108mp-rear-camera-pta-approved-one-year-brand-warranty-i451712676.html
Redmi 13 || 8GB Ram 128GB Rom || Battery 5030mAh,"41,949",2% Off,https://www.daraz.pk/products/13-8gb-128gb-5030mah-i502727230.html
Redmi 13 || 8GB Ram 128GB Rom || Battery 5030mAh,"41,949",2% Off,https://www.daraz.pk/products/13-8gb-128gb-5030mah-i502727230.html
"Oppo A38 - 6.56"" Inch Display - 6GB RAM - 128GB ROM","41,950",No discount found,https://www.daraz.pk/products/oppo-a38-656-inch-display-6gb-ram-128gb-rom-i479397658.html
Vivo Y17s RAM 6 GB ROM 128 GB Front Camera 8 MP Back Camera 50 MP + 2 MP Battery Type 5000 mAh,"41,999",1% Off,https://www.daraz.pk/products/y17s-6-gb-128-gb-8-mp-50-mp-2-mp-5000-mah-i494612501.html
"Realme C63 8GB Ram 128GB Rom 50MP Rear Camera 6.8"" Display 5000mAh Battery with 45W Fast Charging PTA Approved One Year Brand Warranty","42,499",6% Off,https://www.daraz.pk/products/realme-c63-8gb-ram-128gb-rom-50mp-rear-camera-68-display-5000mah-battery-with-45w-fast-charging-pta-approved-one-year-brand-warranty-i510196386.html
"Infinix Note 30 RAM 8 GB ROM 256 GB Front Camera	 16 MP  Back Camera	64 MP + 2 MP + AI Cam  Battery Type	Li-Po 5000 mAh, non-removable","43,740",9% Off,https://www.daraz.pk/products/30-8-gb-256-gb-16-mp-64-mp-2-mp-ai-5000-mah-i428559876.html
Samsung Galaxy A05s - 6GB 128GB - PTA Approved 1 Year Official Warranty,"43,799",3% Off,https://www.daraz.pk/products/samsung-galaxy-a05s-6gb-128gb-pta-approved-1-year-official-warranty-i466927910.html
Samsung Galaxy A05s - 6GB 128GB - PTA Approved 1 Year Official Warranty,"43,799",3% Off,https://www.daraz.pk/products/samsung-galaxy-a05s-6gb-128gb-pta-approved-1-year-official-warranty-i466927910.html
Redmi Note 12 || 8GB Ram 128GB Rom || 5000mAh Battery 33W Fast Charger,"43,949",No discount found,https://www.daraz.pk/products/12-8gb-128gb-5000mah-33-i421379488.html
Redmi Note 12 || 8GB Ram 128GB Rom || 5000mAh Battery 33W Fast Charger,"43,949",No discount found,https://www.daraz.pk/products/12-8gb-128gb-5000mah-33-i421379488.html
Infinix Hot 40 Pro - 8GB RAM 256GB ROM - 6.78 Inches Display - IPS LCD - Dual SIM - 5000mAh Battery,"43,999",4% Off,https://www.daraz.pk/products/40-8gb-256gb-678-ips-lcd-5000mah-i451949008.html
OPPO A38 | 6GB RAM + 128GB ROM - Glowing Gold,"43,999",2% Off,https://www.daraz.pk/products/a38-6gb-128gb-i494732188.html
Fujitsu NXY F52-A 5g | Official pta approved | 8GB RAM | 128GB storage | curved display | just like new condition| without box,"43,999",12% Off,https://www.daraz.pk/products/f52-a-5-pta-8gb-i469739183.html
"Samsung Galaxy A05s - 6.7"" Inch Display - 6GB RAM - 128GB ROM","44,899",No discount found,https://www.daraz.pk/products/samsung-galaxy-a05s-67-inch-display-6gb-ram-128gb-rom-i466933177.html
"Infinix Note 30 RAM 8 GB ROM 256 GB Front Camera	 16 MP  Back Camera	64 MP + 2 MP + AI Cam  Battery Type	Li-Po 5000 mAh, non-removable","44,980",6% Off,https://www.daraz.pk/products/30-8-gb-256-gb-16-mp-64-mp-2-mp-ai-5000-mah-i428562717.html
"Oppo A58 - 6.72"" Inch Display - 8GB RAM - 128GB ROM","46,350",No discount found,https://www.daraz.pk/products/oppo-a58-672-inch-display-8gb-ram-128gb-rom-i458977554.html
"Realme C65  RAM 8 GB ROM 256 GB Front Camera 8 MP Back Camera 50 MP Battery Type	5000mAh Processor MediaTek Helio G 85","46,840",15% Off,https://www.daraz.pk/products/c65-8-gb-256-gb-8-mp-50-mp-5000mah-g-85-i535940080.html
"Realme C65 Unbreakable Smartphone - 8GB RAM, 256GB ROM, 50MP Camera, 5000mAh Battery, 45W Fast Charging | High Performance, Durable Design, and Advanced Features","46,848",6% Off,https://www.daraz.pk/products/c65-8gb-256gb-50mp-5000mah-45-i535111104.html
Vivo Y28 - IPS LCD - 6.68 Inches Display - 8GB RAM 128GB ROM - 8MP Front Camera - 50MP+2MP Rear Camera - MediaTek Helio G85 Processor - Dual SIM - 6000mAh Battery,"46,999",6% Off,https://www.daraz.pk/products/y28-ips-lcd-668-8gb-128gb-8mp-50mp-2mp-g85-6000mah-i534389346.html
Vivo Y28 - IPS LCD - 6.68 Inches Display - 8GB RAM 128GB ROM - 8MP Front Camera - 50MP+2MP Rear Camera - Dual SIM - 6000mAh Battery,"46,999",6% Off,https://www.daraz.pk/products/y28-ips-lcd-668-8gb-128gb-8mp-50mp-2mp-6000mah-i534417020.html
VIVO Y27S = 8+8 = 16GB RAM = 128GB ROM = 5000mAh BATTERY,"46,999",No discount found,https://www.daraz.pk/products/y27s-8-8-16gb-128gb-5000mah-i451992948.html
Vivo Y28 - IPS LCD - 6.68 Inches Display - 8GB RAM 128GB ROM - 8MP Front Camera - 50MP+2MP Rear Camera - MediaTek Helio G85 Processor - Dual SIM - 6000mAh Battery,"46,999",6% Off,https://www.daraz.pk/products/y28-ips-lcd-668-8gb-128gb-8mp-50mp-2mp-g85-6000mah-i534389346.html
Realme C65  6.67 inches Display  8GB RAM RAM  5000 mAh Battery  50MP Back Camera,"47,770",6% Off,https://www.daraz.pk/products/4-c65-8gb-1-50mp-i535933314.html
"Sparx Edge 20 Pro - 108MP Triple Camera, 6.67” AMOLED Display, 8GB RAM, 256GB Storage, 65W Fast Charge, Mediatek Helio G99, Android 13, Twilight Black & Sparkling Blue - PTA Approved","47,774",17% Off,https://www.daraz.pk/products/20-108mp-667-8gb-256gb-65-g99-13-pta-i456746202.html
Realme C65 || 8GB Ram 256GB Rom || 5000mAh Battery,"47,999",4% Off,https://www.daraz.pk/products/c65-8gb-256gb-5000mah-i536153338.html
Redmi Note 12 (8GB-128GB) PTA Approved With Official 1 Year Warranty,"48,999",No discount found,https://www.daraz.pk/products/12-8gb-128gb-1-pta-i499054206.html
realme C65 (Unbreakable Champion) 8GB RAM+ 256GB ROM 5000mAh Battery,"49,999",No discount found,https://www.daraz.pk/products/c65-8gb-256gb-5000mah-i535097011.html
vivo Y28  - 8GB RAM - 128GB ROM - 6000mAh Battery - 44W FlashCharge,"49,999",No discount found,https://www.daraz.pk/products/vivo-y28-8gb-ram-128gb-rom-6000mah-battery-44w-flashcharge-i535254867.html
realme C65 (Unbreakable Champion) 8GB RAM+ 256GB ROM 5000mAh Battery,"49,999",No discount found,https://www.daraz.pk/products/c65-8gb-256gb-5000mah-i535097011.html
USED Apple iPhone X - 64 GB Factory Unlocked - NON-PTA - With Free charger - Free Cover - Daraz Like New Phones,"49,999",58% Off,https://www.daraz.pk/products/used-apple-iphone-x-64-gb-factory-unlocked-non-pta-with-free-charger-free-cover-daraz-like-new-phones-i469313792.html
"Samsung Galaxy A15 6GB RAM-128GB ROM 5000 mAh Battery (6.5"") Display PTA Approved One Year Official Brand Warranty","50,562",5% Off,https://www.daraz.pk/products/samsung-galaxy-a15-6gb-ram-128gb-rom-5000-mah-battery-65-display-pta-approved-one-year-official-brand-warranty-i468122040.html
"Samsung Galaxy A15 RAM 6 GB ROM 128 GB Front Camera	13 MP Back Camera 50 MP + 5 MP + 2 MP","50,930",7% Off,https://www.daraz.pk/products/a15-6-gb-128-gb-13-mp-50-mp-5-mp-2-mp-i468866968.html
"Samsung A15 6GB RAM, 128GB ROM, 90hz Super Amoled Display, 50MP Camera,  5000mAh Battery","51,297",7% Off,https://www.daraz.pk/products/6gb-a15-128gb-90hz-50mp-5000mah-i503201360.html
Sparx Edge 20 Pro - 8GB RAM 256GB ROM - 6.67 Inches Display - AMOLED LCD -  Dual SIM - 5000mAh Battery,"51,499",6% Off,https://www.daraz.pk/products/20-8gb-256gb-667-lcd-5000mah-i466915658.html
GOOGLE PIXEL 4a5g | 6gb ram | 128gb rom | official pta approved | 4000 mAh battery | camera better than iphone 11 | kit phone | can be updated to android 14 |,"51,799",20% Off,https://www.daraz.pk/products/4a5g-law6-gb-128gb-pta-4000-mah-11-14-i436965947.html
Infinix Note 40 8/256,"51,799",11% Off,https://www.daraz.pk/products/infinix-note-40-8256-i490232555.html
"Tecno CAMON 30 RAM 8 GB ROM 256 GB Front Camera	50 MP Back Camera 50MP 1/1.57''+2MP  Battery Type	5000mAh","51,980",13% Off,https://www.daraz.pk/products/30-8-gb-256-gb-50-mp-50mp-1157-2mp-5000mah-i509354161.html
Redmi Note 13 - 8GB RAM - 128GB & 256GB ROM - PTA Approved - With Official 1 Year Warranty,"51,990",No discount found,https://www.daraz.pk/products/redmi-note-13-8gb-ram-128gb-256gb-rom-pta-approved-with-official-1-year-warranty-i465647295.html
"Samsung A15 -13MP Front Camera - 50MP+5MP+2MP Triple Rear Camera - 6GB RAM 128GB ROM - 6.5 Inches  Super AMOLED Display - Dual SIM - USB Type-C - 5000 mAh, non-removable - 1 Year Warranty","51,999",4% Off,https://www.daraz.pk/products/a15-13mp-50mp-5mp-2mp-6gb-1-gb-128-usb-c-65-mah-1-i469302632.html
Motorola Moto Razr 2019 - Foldable Smartphone with eSIM Capability,"52,000",No discount found,https://www.daraz.pk/products/2019-esim-i461162672.html
"Redmi Note 13 8GB RAM + 256GB ROM 6.67"" AMOLED display 5000mAh Battery PTA Approved 1 Year Official Brand Warranty","52,999",9% Off,https://www.daraz.pk/products/redmi-note-13-8gb-ram-256gb-rom-667-amoled-display-5000mah-battery-pta-approved-1-year-official-brand-warranty-i501866400.html
"Infinix Note 40 (With Wireless Mag Charger) |  8GB RAM | 256GB Memory | SUPER SMOOTH 6.7"" 120Hz AMOLED Display | 108MP Camera","53,299",11% Off,https://www.daraz.pk/products/40-8-256-67-inch-120hz-amoled-108mp-i536177407.html
"CAMON 30 8GB RAM-256GB ROM 6.78"" FHD+AMOLED 144Hz 5000mAh Battery PTA APPROVED OFFICIAL BRAND WARRANTY","53,318",8% Off,https://www.daraz.pk/products/camon-30-8gb-ram-256gb-rom-678-fhdamoled-144hz-5000mah-battery-pta-approved-official-brand-warranty-i513408064.html
"Samsung Galaxy A24 - 6.5"" Inch Display - 6GB RAM - 128GB ROM","53,499",No discount found,https://www.daraz.pk/products/samsung-galaxy-a24-65-inch-display-6gb-ram-128gb-rom-i424228817.html
"Infinix Note 40 - 6.78"" Inch AMOLED Display - 8GB RAM - 256GB ROM","53,899",No discount found,https://www.daraz.pk/products/infinix-note-40-678-inch-amoled-display-8gb-ram-256gb-rom-i485797423.html
Tecno Spark 20 Pro Plus 8GB RAM + 256 GB ROM,"53,999",10% Off,https://www.daraz.pk/products/tecno-spark-20-pro-plus-8gb-ram-256-gb-rom-i537119824.html
Realme 12 4G || 8GB Ram 256GB Rom || 5000mAh Battery,"54,949",8% Off,https://www.daraz.pk/products/12-4g-wach-8gb-256gb-5000mah-i510485946.html
OPPO A60 | 8GB RAM +256GB ROM - Ripple Blue,"54,999",No discount found,https://www.daraz.pk/products/oppo-a60-8gb-ram-256gb-rom-ripple-blue-i495799326.html
OPPO A60 | 8GB RAM +256GB ROM - Ripple Blue,"54,999",No discount found,https://www.daraz.pk/products/oppo-a60-8gb-ram-256gb-rom-ripple-blue-i495799326.html
"Samsung Galaxy A13 - 6.6"" Inch display (4GB RAM - 64GB ROM)","55,800",No discount found,https://www.daraz.pk/products/a13-4gb-64gb-i422520015.html
"Redmi Note 13 RAM 8 GB ROM 256 GB Front Camera 16 MP Back Camera 108 MP+8 MP+2 MP Battery Type	5000 mAh","55,930",20% Off,https://www.daraz.pk/products/13-8-gb-256-gb-16-mp-8-mp-8-mp-2-mp-108-mah-i462357007.html
Samsung Galaxy A15 - 8GB 256GB - PTA Approved 1 Year Official Warranty,"55,999",7% Off,https://www.daraz.pk/products/samsung-galaxy-a15-8gb-256gb-pta-approved-1-year-official-warranty-i466945081.html
Samsung Galaxy A15 - 8GB 256GB - PTA Approved 1 Year Official Warranty,"55,999",7% Off,https://www.daraz.pk/products/samsung-galaxy-a15-8gb-256gb-pta-approved-1-year-official-warranty-i466945081.html
"Vivo Y100 8GB Ram 128GB Rom 6.38"" Amoled 90Hz Display 5000mAh Battery 44W fast Charging PTA Approved 1 Year Brand Warranty","56,249",8% Off,https://www.daraz.pk/products/vivo-y100-8gb-ram-128gb-rom-638-amoled-90hz-display-5000mah-battery-44w-fast-charging-pta-approved-1-year-brand-warranty-i489709246.html
"CAMON 30 12GB RAM-256GB ROM 6.78"" FHD+AMOLED 144Hz 5000mAh Battery PTA APPROVED OFFICIAL BRAND WARRANTY","56,498",10% Off,https://www.daraz.pk/products/camon-30-12gb-ram-256gb-rom-678-fhdamoled-144hz-5000mah-battery-pta-approved-official-brand-warranty-i488702265.html
"Tecno Spark 20 Pro Plus RAM 8 GB ROM 256 GB Front Camera 32 MP Back Camera	108 MP + 2 MP  Battery Type	5000 mAh","56,630",19% Off,https://www.daraz.pk/products/20-8-gb-256-gb-32-mp-2-mp-2-mp-108-mah-i466853843.html
"Realme 12 8GB Ram 256GB Rom 50MP Rear Camera 16MP Front Camera 6.67"" Amoled 120Hz Display 5000mAh Battery Octa Core Chipset PTA Approved 1 Year Brand Warranty","56,749",13% Off,https://www.daraz.pk/products/realme-12-8gb-ram-256gb-rom-50mp-rear-camera-16mp-front-camera-667-amoled-120hz-display-5000mah-battery-octa-core-chipset-pta-approved-1-year-brand-warranty-i529452291.html
Redmi Note 13 || 8GB Ram 256GB Rom || 108MP Rear Camera || 120hz FHD+ Amoled Display,"56,949",2% Off,https://www.daraz.pk/products/13-8gb-1-000-gb-108-fhd-i462236955.html
Redmi Note 13 || 8GB Ram 256GB Rom || 108MP Rear Camera || 120hz FHD+ Amoled Display,"56,949",2% Off,https://www.daraz.pk/products/13-8gb-1-000-gb-108-fhd-i462236955.html
OPPO A58 | 8GB RAM + 128GB ROM - Glowing Black,"56,999",No discount found,https://www.daraz.pk/products/a58-ace-8gb-128gb-i495028651.html
LG V60 Thinq 5G 8GB Ram 128GB Rom Single Sim,"57,024",2% Off,https://www.daraz.pk/products/lg-v60-q-5g-8gb-1-gb-i434152595.html
"Tecno Camon 30 12GB RAM, 256GB ROM, 120Hz CRYSTAL AMOLED DISPLAY, 50MP Dual Camera, 70W ULTRA CHARGE , Dimensity 7020, 5000mAh Battery","57,172",18% Off,https://www.daraz.pk/products/30-12gb-256gb-120hz-50mp-70w-7020-5000mah-i488515369.html
"Vivo Y100 - 6.67"" Inch Display - 8GB+8GB RAM - 128GB & 256GB ROM","57,499",No discount found,https://www.daraz.pk/products/vivo-y100-667-inch-display-8gb8gb-ram-128gb-256gb-rom-i490474808.html
Tecno Spark 20 Pro Plus || 8GB+8GB Ram 256GB Rom ||  108MP Rear Camera || Curved Display || Tecno Spark 20 Pro +,"57,979",No discount found,https://www.daraz.pk/products/20-8gb-8gb-256gb-108mp-20-i466878934.html
Tecno Camon 30 - 12GB RAM 256GB ROM 6.78'' FHD+ AMOLED Display 50MP Front & Rear Camera 70W Ultra Fast Charge 5000mAh Battery,"57,980",8% Off,https://www.daraz.pk/products/30-12gb-256gb-fhd-50mp-70w-678-mah-i523310047.html
Vivo Y100 - 6.67 Inches Display - AMOLED LCD - 8GB RAM 128GB/256GB ROM - 8MP Front Camera - Rear 50MP + 2MP Camera - Dual SIM - Snapdragon® 685 Processor - 5000mAh Battery,"57,999",5% Off,https://www.daraz.pk/products/y100-lcd-8gb-1-gb667-gb-8mp-50mp-2mp-685-5000mah-i493591753.html
"Samsung A15 - 8GB RAM 256GB ROM - 6.5 Inches  Super AMOLED Display - 13MP Front Camera - 50MP+5MP+2MP Triple Rear Camera - Dual SIM - 5000 mAh, non-removable - 1 Year Warranty - PTA APPROVED","57,999",5% Off,https://www.daraz.pk/products/a15-8gb-256gb-65-13mp-50mp-5mp-2mp-5000-mah-1-pta-i469297416.html
Samsung Galaxy A15 8GB RAM + 256 ROM,"58,199",3% Off,https://www.daraz.pk/products/samsung-galaxy-a15-8gb-ram-256-rom-i467974896.html
Vivo Y100 - 6.67 Inches Display - 8GB RAM 128GB/256GB ROM - 8MP Front Camera - Rear 50MP + 2MP Camera - Dual SIM - 5000mAh Battery,"58,499",4% Off,https://www.daraz.pk/products/y100-8gb-8gb667-gb-8mp-50mp-2mp-128-mah-i493600198.html
Tecno Spark 20 Pro Plus - 8GB RAM 256GB ROM - 6.78 Inches Display - AMOLED LCD - Dual SIM - 5000mAh Battery,"58,499",3% Off,https://www.daraz.pk/products/20-8gb-256gb-678-lcd-5000mah-i466985836.html
Tecno Spark 20 Pro Plus - 8GB RAM 256GB ROM - Dual SIM - 5000mAh Battery,"58,499",3% Off,https://www.daraz.pk/products/20-8gb-256gb-5000mah-i466984819.html
vivo Y100 - 8GB RAM - 128GB ROM - 80W FlashCharge - 120Hz Amoled - Color Changing Design,"58,999",No discount found,https://www.daraz.pk/products/vivo-y100-8gb-ram-128gb-rom-80w-flashcharge-120hz-amoled-color-changing-design-i501447697.html
realme 12 Series 4G 8GB RAM-256GB ROM 5000mAh Battery 67W supervooc Charging,"59,999",No discount found,https://www.daraz.pk/products/12-4g-8gb-ram-256gb-5000mah-67-vooc-i514039122.html
Google Pixel 6a | 6GB RAM | 128GB storage | 4410 mAh battery | 6.1 inches o-led display | new without box | factory unlocked | non active \ non pta,"59,999",40% Off,https://www.daraz.pk/products/6-6gb-will-128gb-will-4410-mah-led-pta-i482139815.html
ZTE Nubia Focus PRO 5G || 8+12GB Ram 256GB Rom || 5000mAh Battery,"60,949",No discount found,https://www.daraz.pk/products/zte-nubia-5g-wanks-8-12gb-256gb-wach-5000mah-i538936184.html
ZTE Nubia Focus Pro || 8GB Ram 256GB Rom || 5000mAh Battery,"60,949",No discount found,https://www.daraz.pk/products/zte-nubia-8gb-256gb-wach-5000mah-i538957615.html
ZTE NUBIA FOCUS PRO 5G = 8+12GB RAM = 256GB ROM = 5000mAh BATTERY,"61,499",No discount found,https://www.daraz.pk/products/zte-5g-8-12gb-256gb-5000mah-i539141115.html
Vivo Y100 - 6.67 Inches Display - AMOLED LCD - 8GB RAM 128GB/256GB ROM - 8MP Front Camera - Rear 50MP + 2MP Camera - Dual SIM - 5000mAh Battery,"61,999",7% Off,https://www.daraz.pk/products/y100-lcd-8gb-1-gb667-gb-8mp-50mp-2mp-128-mah-i493592816.html
"Samsung Galaxy A24 - 6.5"" Inch Display - 8GB RAM - 128GB ROM","62,499",No discount found,https://www.daraz.pk/products/samsung-galaxy-a24-65-inch-display-8gb-ram-128gb-rom-i424232405.html
OPPO A78 | 8GB RAM + 256GB ROM - Aqua Green,"63,999",11% Off,https://www.daraz.pk/products/a78-ace-8gb-256gb-i495057495.html
"Vivo Y 36 || 8GB + 128GB || 6.64"" IPS Display || Battery (Li-Po Non removable), 5000 mAh","63,999",2% Off,https://www.daraz.pk/products/y-36-8gb-128gb-ips-664-mah-i437208655.html
vivo Y100 - 8GB RAM - 256GB ROM - 80W FlashCharge - 120Hz Amoled - Color Changing Design,"64,999",No discount found,https://www.daraz.pk/products/vivo-y100-8gb-ram-256gb-rom-80w-flashcharge-120hz-amoled-color-changing-design-i489864821.html
"Oppo Reno 12F RAM 8 GB ROM 256 GB Front Camera 32 MP Back Camera	50 MP + 8 MP + 2 MP  Battery Type	5000mah","65,440",13% Off,https://www.daraz.pk/products/12f-8-gb-1-gb-32-mp-50-mp-8-mp-2-mp-2-mp-i537608793.html
"Oppo Reno 12f 8GB Ram 256GB Rom 6.67"" Display 50MP Triple Camera 5000mAh Battery PTA Approved 1 Year Brand Warranty","66,799",5% Off,https://www.daraz.pk/products/oppo-reno-12f-8gb-ram-256gb-rom-667-display-50mp-triple-camera-5000mah-battery-pta-approved-1-year-brand-warranty-i539362121.html
"Oppo Reno 12F 8GB Ram 256GB Rom , 6.67 Inches AMOLED 120Hz, 5000 mAh - Fast battery 67W wired,","67,699",3% Off,https://www.daraz.pk/products/8gb-128-256gb-667-120hz-5000-mah-67w-i541399146.html
"Redmi Note 13 Pro - 8GB RAM 256GB ROM - 6.67"" AMOLED display - Dual SIM - 5000mAh Battery","68,999",8% Off,https://www.daraz.pk/products/13-8gb-256gb-667-5000mah-i463582714.html
Redmi Note 13 Pro || 8GB+8GB Ram 256GB Rom || 5000mAg Battery || 200MP Ultra Clear Camera,"69,949",7% Off,https://www.daraz.pk/products/13-8gb-8gb-256gb-5000mag-200mp-i462244077.html
Motorola Moto G84 5G || 12GB Ram 256GB Rom || 5000mAh Battery,"69,949",No discount found,https://www.daraz.pk/products/g84-5g-wach-12gb-1-000-gb-i460628810.html
Redmi Note 13 Pro || 8GB+8GB Ram 256GB Rom || 5000mAg Battery || 200MP Ultra Clear Camera,"69,949",7% Off,https://www.daraz.pk/products/13-8gb-8gb-256gb-5000mag-200mp-i462244077.html
Apple iPhone X 256 GB Factory Unlocked - PTA Approved (FREE CHARGER & COVER) - Daraz Like New Phones (Mobile Phones),"69,999",42% Off,https://www.daraz.pk/products/apple-iphone-x-256-gb-factory-unlocked-pta-approved-free-charger-cover-daraz-like-new-phones-mobile-phones-i451508856.html
Redmi Note 13 Pro - 8GB RAM - 256GB ROM - PTA Approved - With Official 1 Year Warranty,"70,999",No discount found,https://www.daraz.pk/products/redmi-note-13-pro-8gb-ram-256gb-rom-pta-approved-with-official-1-year-warranty-i465691076.html
Apple iPhone 11 64GB - NON-PTA (FREE CHARGER & COVER) - Daraz Like New Phones (Mobile Phones) - Used Phone,"70,999",29% Off,https://www.daraz.pk/products/apple-iphone-11-64gb-non-pta-free-charger-cover-daraz-like-new-phones-mobile-phones-used-phone-i473195531.html
Used - Apple iPhone X - 256GB - PTA Approved - (FREE CHARGER AND COVER) - Daraz Like New Phones,"71,499",40% Off,https://www.daraz.pk/products/used-apple-iphone-x-256gb-pta-approved-free-charger-and-cover-daraz-like-new-phones-i489072850.html
Apple iPhone XS 256 GB - NON PTA Factory Unlocked (FREE CHARGER & COVER) - Daraz Like New Phones,"72,999",39% Off,https://www.daraz.pk/products/apple-iphone-xs-256-gb-non-pta-factory-unlocked-free-charger-cover-daraz-like-new-phones-i460686121.html
Apple iPhone X 256 GB Factory Unlocked - PTA Approved - Free charger - Daraz Like New Phones (Mobile Phones) - Used Phone,"73,999",51% Off,https://www.daraz.pk/products/apple-iphone-x-256-gb-factory-unlocked-pta-approved-free-charger-daraz-like-new-phones-mobile-phones-used-phone-i453052735.html
Infinix Zero 30 4G - 6.78* Inch Display - 8 + 8GB RAM - 256GB ROM,"73,999",No discount found,https://www.daraz.pk/products/infinix-zero-30-4g-678-inch-display-8-8gb-ram-256gb-rom-i453684652.html
OnePlus 9 | 12GB Ram & 256GB storage | 8GB Ram 128GB storage | 120hz display | snapdragon 888 processor | dual sim | 4500 mAh battery | just like new condition | without box | nonpta/server |,"74,499",17% Off,https://www.daraz.pk/products/9-8gb-128gb-120-rus-888-mah-pta-i518688361.html
Motorola Moto G84  - 12GB RAM 256GB ROM - 6.5 Inches pOLED Display - Dual SIM - 5000mAh Battery - 1 Year Official Warranty - Box Packed - Official PTA Approved,"74,999",1% Off,https://www.daraz.pk/products/g84-12gb-256gb-1-pta-i466580136.html
OnePlus 8 Single Sim 8GB Ram 128GB Rom,"75,637",3% Off,https://www.daraz.pk/products/8-8gb-128gb-i434672502.html
Apple iPhone XS MAX 64GB - NON PTA Factory Unlocked (FREE CHARGER & COVER) - Daraz Like New Phones,"75,999",42% Off,https://www.daraz.pk/products/apple-iphone-xs-max-64gb-non-pta-factory-unlocked-free-charger-cover-daraz-like-new-phones-i460687772.html
"Samsung Galaxy A23 - 6.6"" Inch Display - 6GB RAM - 128GB ROM","76,500",No discount found,https://www.daraz.pk/products/a23-6gb-66-gb-i423777213.html
Infinix Note 40 Pro RAM 12GB ROM 256GB CAMERA 108 MP Fast Charging One Year Brand Warranty Offcial,"77,180",9% Off,https://www.daraz.pk/products/40-12gb-256gb-i481806942.html
Infinix Note 40 Pro RAM 12GB ROM 256GB CAMERA 108 MP Fast Charging One Year Brand Warranty Offcial,"77,180",9% Off,https://www.daraz.pk/products/40-12gb-256gb-i481806942.html
Infinix Note 40 Pro 12GB Ram 256GB Rom 108MP Rear Camera 5000mAh Battery PTA Approved One Year Brand Warranty,"77,599",9% Off,https://www.daraz.pk/products/infinix-note-40-pro-12gb-ram-256gb-rom-108mp-rear-camera-5000mah-battery-pta-approved-one-year-brand-warranty-i482458641.html
"Apple iphone 11 - 64 GB - 6.1"" Inch Display - JV (Factory Locked) - 1 Year Official Warranty","77,999",8% Off,https://www.daraz.pk/products/11-64-gb-61-jv-1-i449291804.html
OnePlus 7 Pro Dual Sim 8GB Ram 256GB Rom,"78,000",No discount found,https://www.daraz.pk/products/7-8gb-256gb-i452329418.html
OnePlus 7 Pro Dual Sim 8GB Ram 256GB Rom,"78,000",No discount found,https://www.daraz.pk/products/7-8gb-256gb-i452329418.html
Motorola Moto Edge Plus 2020 12GB Ram 256GB Rom Single Sim PTA Approved,"78,720",4% Off,https://www.daraz.pk/products/12gb-1-gb-pta-i433242717.html
HONOR X8B = 8GB RAM = 512GB ROM = 4500mAh BATTERY,"78,999",No discount found,https://www.daraz.pk/products/x8b-8gb-512gb-4500mah-i493978479.html
Infinix Note 40 Pro RAM 12GB ROM 256GB CAMERA 108 MP Fast Charging One Year Brand Warranty Offcial,"79,480",6% Off,https://www.daraz.pk/products/40-12gb-256gb-i481815652.html
"Oppo Reno 11F 5G RAM 8 GB ROM 256 GBScreen Type	AMOLED, 1B colors, 120Hz, HDR10+, 500 nits (typ), 900 nits (HBM), 1100 nits (peak Front Camera	32 MP Back Camera	64 MP + 8 MP + 2 MP  Battery Type	5000 mAh","80,980",10% Off,https://www.daraz.pk/products/5g-11f-8-gb-256-gb-1b-120hz-hdr10-500-nits-typ-900-nits-hbm-1100-nits-32-mp-64-mp-8-mp-2-mp-5000-mah-i478950078.html
"Samsung Galaxy A25  8GB RAM-256GB ROM (6.5"") Display 5000 mAH Battery PTA Approved Official Brand Warranty","83,740",15% Off,https://www.daraz.pk/products/samsung-galaxy-a25-8gb-ram-256gb-rom-65-display-5000-mah-battery-pta-approved-official-brand-warranty-i467956910.html
OnePlus 9 PRO | 8GB & 12GB RAM | 128GB & 256GB storage | global dual sim | Snapdragon 888 5g | 120hz curved display | 4500 mAh battery | without box | just like new condition |,"83,999",12% Off,https://www.daraz.pk/products/9-8gb-12gb-9-gb-128-5-hz-i518694077.html
Motorola Moto Razr 2020 | 8GB RAM | 256GB ROM | Foldable Smartphone | Single Sim,"84,000",No discount found,https://www.daraz.pk/products/8gb-2020-gb-i460668758.html
Redmi Note 13 Pro ||12GB Ram 512GB Rom || 5000mAg Battery || 200MP Ultra Clear Camera,"84,999",6% Off,https://www.daraz.pk/products/13-12gb-512gb-5000mag-200mp-i462243518.html
"OPPO Reno 11F - 8GB RAM 256G ROM - 6.7 Inches Display - 2.5D flexible OLED - 64 MP + 8 MP + 2 MP Rear Camera - 32MP Front Camera - USB Type-C 2.0 - OctaCore Processor - Dual SIM - 5000mAh, non-removable","84,999",6% Off,https://www.daraz.pk/products/11f-8gb-256g-67-25d-oled-64-mp-8-mp-2-mp-32mp-usb-c-20-5000mah-i479500348.html
Daraz Like New - Apple Iphone 12 - 64GB  - Non Approved - Free Cover & Charger,"86,999",28% Off,https://www.daraz.pk/products/daraz-like-new-apple-iphone-12-64gb-non-approved-free-cover-charger-i463936955.html
"Vivo V30e  - 6.78"" Inch Display - 8GB RAM - 256GB ROM","89,999",No discount found,https://www.daraz.pk/products/v30e-678-8gb-256gb-i512145847.html
"Samsung Galaxy A25 5G 8GB Ram, 256 GB Storage, 6.5 Super AMOLED 120Hz, Exynos 1280, 50MP Triple Camera, 5000mAh Battery.","89,999",19% Off,https://www.daraz.pk/products/8gb-5g-a25-256-gb-65-120hz-1280-50mp-5000mah-i494845642.html
Apple iPhone 12 128 GB - NON PTA Factory Unlocked (FREE CHARGER & COVER) - Daraz Like New Phones (Mobile Phones),"89,999",42% Off,https://www.daraz.pk/products/apple-iphone-12-128-gb-non-pta-factory-unlocked-free-charger-cover-daraz-like-new-phones-mobile-phones-i456957486.html
OnePlus 9 8/12GB Ram 128/256GB Rom Single Sim,"90,684",6% Off,https://www.daraz.pk/products/9-812gb-128-i434163229.html
Vivo V30e RAM 8 GB ROM 256 GB Front Camera 32 MP Back Camera 50 MP + 8 MP Battery Type 5500 mAh,"91,480",9% Off,https://www.daraz.pk/products/v30e-8-gb-256-gb-32-mp-50-mp-8-mp-5500-mah-i497049224.html
Vivo V30e - 6.78 Inches Display - 8GB RAM 256GB ROM - 32MP Front Camera - 50MP + 8MP Rear Camera - Dual SIM - 5500mAh Battery,"91,499",9% Off,https://www.daraz.pk/products/v30e-678-8gb-256gb-32mp-50mp-8mp-5500mah-i495987248.html
"Vivo V30e RAM 8 GB ROM 256 GB Front Camera	32 MP Back Camera	50 MP + 8 MP  Battery Type	5500 mAh","91,930",8% Off,https://www.daraz.pk/products/v30e-8-gb-256-gb-32-mp-50-mp-8-mp-5500-mah-i496865136.html
"Samsung Galaxy A34 5G - 6.6"" Inch Display - 8GB RAM - 128GB & 256GB ROM","91,999",No discount found,https://www.daraz.pk/products/samsung-galaxy-a34-5g-66-inch-display-8gb-ram-i424265343.html
"Google Pixel 6 Pro (Non-PTA, Single SIM, 256 GB)","92,000",No discount found,https://www.daraz.pk/products/6-pta-256-gb-i495091801.html
"Google Pixel 6 Pro (Non-PTA, Single SIM, 256 GB)","92,000",No discount found,https://www.daraz.pk/products/6-pta-256-gb-i495091801.html
Apple iPhone 12 128 GB - NON PTA - Good Condition-   (FREE CHARGER & COVER) - Daraz Like New Phones,"93,999",28% Off,https://www.daraz.pk/products/apple-iphone-12-128-gb-non-pta-good-condition-free-charger-cover-daraz-like-new-phones-i478118197.html
Infinix GT 20 Pro - AMOLED LCD - 6.78 Inches Display - 12GB RAM 256GB ROM - 32MP Front Camera - 108MP+2MP+2MP Rear Camera - Dual SIM - MediaTek Dimensity 8200 Ultimate Chipset - 5000mAh Battery,"96,999",3% Off,https://www.daraz.pk/products/gt-20-lcd-678-12gb-256gb-32mp-108mp-2mp-8200-5000mah-i532494798.html
Apple iPhone 11 Pro 64gb GB Factory Unlocked - NON - Approved - With Charger and Cover - Daraz Like New Phones,"98,999",29% Off,https://www.daraz.pk/products/apple-iphone-11-pro-64gb-gb-factory-unlocked-non-approved-with-charger-and-cover-daraz-like-new-phones-i460680862.html
"Infinix GT 20 Pro 5G – 12GB RAM, 256GB Storage, 108MP Camera, 144Hz AMOLED, Dimensity 8200","99,798",9% Off,https://www.daraz.pk/products/gt-20-5g-12gb-256gb-108mp-144hz-8200-i498572347.html
"Tecno Camon 30 Pro 5G 512 GB - 12 GB RAM   Front Camera	50MP AF Back Camera	50MP + 2MP Battery Type	5000mAh","99,949",9% Off,https://www.daraz.pk/products/30-12-gb-12-gb-5g-50mp-af-50mp-2mp-512-mah-i492116038.html
"Infinix GT 20 Pro (X6871) - 6.78"" Inch Display - 12GB RAM - 256GB ROM","99,999",No discount found,https://www.daraz.pk/products/infinix-gt-20-pro-x6871-678-inch-display-12gb-ram-256gb-rom-i512096048.html
Infinix GT 20 Pro - 6.78 Inches Display - 12GB RAM 256GB ROM - 32MP Front Camera - 108MP+2MP+2MP Rear Camera - Dual SIM - 5000mAh Battery,"99,999",5% Off,https://www.daraz.pk/products/gt-20-678-12gb-256gb-32mp-108mp-2mp-2mp-5000mah-i532498555.html
"Infinix GT 20 Pro (X6871) - 6.78"" Inch Display - 12GB RAM - 256GB ROM","99,999",No discount found,https://www.daraz.pk/products/infinix-gt-20-pro-x6871-678-inch-display-12gb-ram-256gb-rom-i512096048.html
Google Pixel 7 PRO | 12GB Ram | 128GB ROM | 5000 mAh battery | best for photography | 6.7 inches of super AMOLED display | new phone non active without box,"102,999",39% Off,https://www.daraz.pk/products/7-12gb-will-128gb-5000-mah-1-i468579120.html
USED - Apple iPhone 13 - 128GB - NON-PTA - SIM LOCK J.V - (FREE CHARGER AND COVER) - Daraz Like New Phones (Mobile Phones),"104,999",30% Off,https://www.daraz.pk/products/used-apple-iphone-13-128gb-non-pta-sim-lock-jv-free-charger-and-cover-daraz-like-new-phones-mobile-phones-i489508698.html
TECNO CAMON 30 PRO 5G = 12GB RAM = 512GB ROM = 5000mAh BATTERY,"107,999",No discount found,https://www.daraz.pk/products/30-5g-12gb-512gb-5000mah-i496562131.html
"Infinix GT 20 Pro RAM 12 GB ROM 256 GB Front Camera 32 MP Back Camera	108 MP + 2 MP + 2 MP Battery Type	5000 mAh","110,000",8% Off,https://www.daraz.pk/products/gt-20-12-gb-256-gb-32-mp-2-mp-2-mp-2-mp-i497177869.html
"Samsung A54 5G - 6.4"" Inch Display - 8GB RAM","112,399",No discount found,https://www.daraz.pk/products/samsung-a54-5g-64-inch-display-8gb-ram-i428866152.html
"SAMSUNG GALAXY  A35 8GB RAM-256GB ROM 5000mAh BATTERY 6.6"" INCH DISPLAY PTA APPROVED OFFICIAL BRAND WARRANTY","112,890",6% Off,https://www.daraz.pk/products/samsung-galaxy-a35-8gb-ram-256gb-rom-5000mah-battery-66-inch-display-pta-approved-official-brand-warranty-i496086170.html
Samsung Galaxy A54 8GB+256GB,"113,999",19% Off,https://www.daraz.pk/products/samsung-galaxy-a54-8gb256gb-i432674368.html
Apple iPhone 13 - 128GB - NON PTA SIM LOCK J.V (FREE CHARGER AND COVER) - Daraz Like New Phones (Mobile Phones) - Used Phone,"114,999",23% Off,https://www.daraz.pk/products/apple-iphone-13-128gb-non-pta-sim-lock-jv-free-charger-and-cover-daraz-like-new-phones-mobile-phones-used-phone-i478118482.html
Apple iPhone 12 Pro 128GB - NON PTA J.V SIM LOCK (FREE CHARGER & COVER) - Daraz Like New Phones (Mobile Phones) - Used Phone,"114,999",23% Off,https://www.daraz.pk/products/apple-iphone-12-pro-128gb-non-pta-jv-sim-lock-free-charger-cover-daraz-like-new-phones-mobile-phones-used-phone-i467025505.html
Apple iPhone 12 Pro 128GB - NON PTA J.V SIM LOCK (FREE CHARGER & COVER) - Daraz Like New Phones (Mobile Phones) - Used Phone,"114,999",23% Off,https://www.daraz.pk/products/apple-iphone-12-pro-128gb-non-pta-jv-sim-lock-free-charger-cover-daraz-like-new-phones-mobile-phones-used-phone-i467025505.html
"Apple iphone 11 - 128 GB - 6.1"" Inch Display - Factory Unlocked - PTA Approved - Free Charger and Cover - Daraz Like New Phone","117,999",31% Off,https://www.daraz.pk/products/apple-iphone-11-128-gb-61-inch-display-factory-unlocked-pta-approved-free-charger-and-cover-daraz-like-new-phone-i460113755.html
Used - Apple iPhone 14 - 128GB - NON PTA - Good Condition - (FREE CHARGER AND COVER) - Daraz Like New Phones (Mobile Phones) - Used Phones,"124,999",38% Off,https://www.daraz.pk/products/used-apple-iphone-14-128gb-non-pta-good-condition-free-charger-and-cover-daraz-like-new-phones-mobile-phones-used-phones-i489508578.html
Apple iPhone 14 - 128GB - NON PTA - Good Condition - (FREE CHARGER AND COVER) - Daraz Like New Phones (Mobile Phones) - Used Phone,"125,999",37% Off,https://www.daraz.pk/products/apple-iphone-14-128gb-non-pta-good-condition-free-charger-and-cover-daraz-like-new-phones-mobile-phones-used-phone-i473195142.html
"Vivo V30 - 12GB RAM 256GB ROM - 6.78 Inches Display AMOLED LCD - 50MP OIS + 50MP Rear Camera - 50MP Front Camera - Dual SIM - Qualcomm Snapdragon® 7 Gen 3 - USB Type-C 2.0 -  Li-Ion 5000 mAh, non-removable","127,999",9% Off,https://www.daraz.pk/products/12gb-v30-256gb-678-lcd-50mp-ois-50mp-50mp-7-3-usb-c-20-5000-mah-i479500598.html
Daraz Like New Phones - Apple iPhone 12 Pro 128GB Factory Unlocked - NON - PTA (FREE CHARGER & COVER),"128,999",48% Off,https://www.daraz.pk/products/daraz-like-new-phones-apple-iphone-12-pro-128gb-factory-unlocked-non-pta-free-charger-cover-i462476589.html
"Apple iphone 13 - 128 GB - 6.1"" Inch Display - JV (Factory Locked) - 1 Year Official Warranty","128,999",4% Off,https://www.daraz.pk/products/13-1-jv-128-gb-i449301107.html
"Apple iphone 13 - 128 GB - 6.1"" Inch Display - JV (Factory Locked) - 1 Year Official Warranty","128,999",4% Off,https://www.daraz.pk/products/13-1-jv-128-gb-i449301107.html
Vivo V30 5G - 12GB RAM 256GB ROM 6.78''3D AMOLED Display 50+50MP Camera Front and Back,"130,980",6% Off,https://www.daraz.pk/products/5-v30-i489330740.html
HONOR X9B 5G = 12GB RAM = 256GB ROM = 5800mAh BATTERY,"130,999",No discount found,https://www.daraz.pk/products/5g-x9b-12gb-256gb-5800mah-i494000150.html
"Samsung A55 6.6"" Amoled Display with 120Hz 8GB Ram 256GB Rom","131,399",6% Off,https://www.daraz.pk/products/samsung-a55-66-amoled-display-with-120hz-8gb-ram-256gb-rom-i529461436.html
"Samsung Galaxy A55 5G - 8GB 256GB - 6.6"" Display - 5000 mAh Battery - PTA Approved 1 Year Official Warranty","134,999",4% Off,https://www.daraz.pk/products/samsung-galaxy-a55-5g-8gb-256gb-66-display-5000-mah-battery-pta-approved-1-year-official-warranty-i496265869.html
"Apple iphone 14 - 128 GB - 6.1"" Inch Display - JV (Factory Locked) - 1 Year Official Warranty","134,999",6% Off,https://www.daraz.pk/products/14-1-i449307904.html
"Apple iphone 14 - 128 GB - 6.1"" Inch Display - JV (Factory Locked) - 1 Year Official Warranty","134,999",6% Off,https://www.daraz.pk/products/14-1-i449307904.html
Apple iPhone 11 Pro 256 GB Factory Unlocked - PTA Approved (FREE CHARGER & COVER) - Daraz Like New Phones (Mobile Phones),"138,499",36% Off,https://www.daraz.pk/products/apple-iphone-11-pro-256-gb-factory-unlocked-pta-approved-free-charger-cover-daraz-like-new-phones-mobile-phones-i451491231.html
OPPO RENO 11 5G = 12GB RAM = 512GB ROM = 5000mAh BATTERY,"139,999",No discount found,https://www.daraz.pk/products/12gb-11g-512gb-5000mah-i481017137.html
iPhone 11 128GB Dual SIM (Physical + eSIM) PTA Approved,"142,100",2% Off,https://www.daraz.pk/products/11-128gb-esim-pta-i465207596.html
iPhone 11 128GB Dual SIM (Physical + eSIM) PTA Approved,"142,100",2% Off,https://www.daraz.pk/products/11-128gb-esim-pta-i465207596.html
"Apple iPhone 15 - 6.1"" Inch Display","154,990",No discount found,https://www.daraz.pk/products/apple-iphone-15-61-inch-display-i481571614.html
"Apple iphone 15 - 128GB - 6.1"" Inch Display - Factory Locked - 1 Year Official Warranty","164,999",6% Off,https://www.daraz.pk/products/15-128gb-61-1-i448733118.html
"Apple iphone 15 Plus - 128 GB - 6.7"" Inch Display - JV (Factory Locked) - 1 Year Official Warranty","177,999",4% Off,https://www.daraz.pk/products/15-1-jv-128-i449317740.html
"Samsung Galaxy S22 Ultra Dual SIM - 128GB, 256GB, and 512GB","180,000",No discount found,https://www.daraz.pk/products/s22-128gb-256gb-512gb-i534781852.html
Samsung Galaxy S22 ultra with S-Pen 🖋️ | 12GB Ram & 256GB storage| 8GB Ram and 128GB storage | 6.8 inches 120Hz display | 5000 mAh battery | Dual sim | server approved | without box,"183,999",8% Off,https://www.daraz.pk/products/s22-s-12gb-20-000-gb-256gb-128-i538876672.html
Galaxy S23 FE 8GB RAM - 256GB ROM 4500MAH BATTERY  PTA APPROVED OFFICIAL BRAND WARRANTY,"197,160",4% Off,https://www.daraz.pk/products/galaxy-fe-8gb-ram-256gb-rom-4500mah-battery-pta-approved-official-brand-warranty-i448737025.html
"Samsung Galaxy S23 FE - 6.4"" Inch Display - 8GB RAM - 128GB & 256GB ROM","209,999",No discount found,https://www.daraz.pk/products/samsung-fe-64-inch-display-8gb-ram-128gb-256gb-rom-i453666716.html
"Apple iPhone 15 Pro Max - 6.7"" Inch Display","233,990",No discount found,https://www.daraz.pk/products/apple-iphone-15-pro-max-67-inch-display-i523049207.html
"Apple Iphone 15 Pro Max - 6.7"" Inch Display - factory locked (JV) - 1 Year Official Warranty","237,499",3% Off,https://www.daraz.pk/products/apple-iphone-15-pro-max-67-inch-display-factory-locked-jv-1-year-official-warranty-i439053318.html
Samsung Galaxy S23 Ultra Dual SIM - 256GB and 512GB,"260,000",No discount found,https://www.daraz.pk/products/s23-256gb-512gb-i534783794.html
Samsung Galaxy S24 - 8GB/256GB,"281,299",3% Off,https://www.daraz.pk/products/samsung-galaxy-8gb256gb-i466993051.html
"Xiaomi 14 - 6.36"" Inch Display - 12GB RAM - 512GB ROM","334,499",No discount found,https://www.daraz.pk/products/xiaomi-14-636-inch-display-12gb-ram-512gb-rom-i479395058.html
"Samsung Galaxy Z Flip 5 - 6.7"" Inch Display - 8GB RAM - 256GB & 512GB ROM","365,499",No discount found,https://www.daraz.pk/products/samsung-galaxy-z-flip-5-67-inch-display-8gb-ram-256gb-512gb-rom-i429810542.html
"Samsung Z Flip 6 - 12GB RAM, 512GB Rom, 5G, Snapdragon 8 Gen 3, 6.7"" 120Hz AMOLED, 16MP Dual Camera, 4000mAh Battery, Android 14, IPX8 Water Resistant","385,542",8% Off,https://www.daraz.pk/products/z-6-12gb-512gb-5g-8-3-67-16mp-120-mah-14-ipx8-i533037087.html
"Samsung Galaxy S24 Ultra - 12GB/256GB - 6.8"" Display - Android 14 - 5000 mAh Battery","421,999",3% Off,https://www.daraz.pk/products/samsung-galaxy-ultra-12gb256gb-68-display-android-14-5000-mah-battery-i466991204.html
"Samsung Galaxy S24 Ultra - 12GB/512GB - 6.8"" Display - Android 14 - 5000 mAh Battery - PTA Approved 1 Year Official Warranty","444,999",5% Off,https://www.daraz.pk/products/samsung-galaxy-ultra-12gb512gb-68-display-android-14-5000-mah-battery-pta-approved-1-year-official-warranty-i469253874.html
Samsung Galaxy S24 Ultra 12GB RAM-512GB ROM 5000mAh PTA Approved Official Brand Warranty,"450,500",4% Off,https://www.daraz.pk/products/samsung-galaxy-ultra-12gb-ram-512gb-rom-5000mah-pta-approved-official-brand-warranty-i480041595.html
Samsung Galaxy S24 Ultra 12GB RAM-512GB ROM 5000mAh PTA Approved Official Brand Warranty,"450,500",4% Off,https://www.daraz.pk/products/samsung-galaxy-ultra-12gb-ram-512gb-rom-5000mah-pta-approved-official-brand-warranty-i480041595.html
Samsung Galaxy S24 Ultra - 12GB/512GB,"455,899",3% Off,https://www.daraz.pk/products/samsung-galaxy-ultra-12gb512gb-i481665903.html
"Samsung Galaxy S24 Ultra - 6.8"" Inch Display - 12GB RAM - 512GB ROM","474,999",No discount found,https://www.daraz.pk/products/samsung-galaxy-ultra-68-inch-display-12gb-ram-512gb-rom-i479459175.html
"Samsung Galaxy S24 Ultra || 12GB Ram 512GB Rom || 6.8"" Dynamic AMOLED 120Hz || 5000 mAh Battery Fast 45W Wireless charging 15W","488,999",No discount found,https://www.daraz.pk/products/s24-12gb-1-000-gb-512-20-000-mah-45-15-i472575311.html
"Apple iPhone 15 Pro Max - 6.7"" Inch Display - Physical Sim & ESim - 1 Year Official Warranty (Mercantile) - PTA Approved","509,990",No discount found,https://www.daraz.pk/products/apple-iphone-15-pro-max-67-inch-display-physical-sim-esim-1-year-official-warranty-mercantile-i435515012.html
Samsung Galaxy S24 ultra 12 GB RAM + 1 TB Storage,"525,999",3% Off,https://www.daraz.pk/products/samsung-galaxy-ultra-12-gb-ram-1-tb-storage-i497738975.html
"Apple iPhone 15 Pro Max - 6.7"" Inch Display - PTA Approved - 1 Year Official Warranty","589,999",1% Off,https://www.daraz.pk/products/apple-iphone-15-pro-max-67-inch-display-pta-approved-1-year-official-warranty-i454044579.html
"Samsung Z Fold 6 | 2024's Ultimate Foldable 5G Smartphone | Featuring a 7.6"" Dynamic AMOLED Display, Snapdragon 8 Gen 3, 12GB RAM, Triple Camera System, Stylus Support, and Water Resistance","629,999",5% Off,https://www.daraz.pk/products/z-6-2024-5g-a-76-8-3-12gb-i532804461.html
iPhone 15 Pro Max 512 GB Apple official Mercantile Warranty - PTA APPROVED,"750,000",No discount found,https://www.daraz.pk/products/iphone-15-pro-max-512-gb-apple-official-mercantile-warranty-pta-approved-i435656362.html
